title,url
"트럼프 ""이란 완전 격파...이란 협상 원하지만 받아들일 수 없어""",https://n.news.naver.com/article/052/0002327139?ntype=RANKING
"투표율도, 찬성률도 100%...내일 '북한판 총선거'",https://n.news.naver.com/article/052/0002327046?ntype=RANKING
"""미군, 이란 하르그 섬 공격""...미 공중급유기 5대 파손",https://n.news.naver.com/article/052/0002327116?ntype=RANKING
"이란군, 하르그섬 공습에 반격 시작...UAE 항구 공격",https://n.news.naver.com/article/052/0002327228?ntype=RANKING
"트럼프 ""일주일간 이란 강타할 것""...미 국방 ""모즈타바, 외모 훼손돼""",https://n.news.naver.com/article/052/0002327070?ntype=RANKING
"경기 남양주서 전자발찌 착용 남성, 20대 여성 살해 혐의 검거",https://n.news.naver.com/article/214/0001486117?ntype=RANKING
"장동혁 지역구에서도 국민의힘 못마땅‥""집안싸움에 회의감만""",https://n.news.naver.com/article/214/0001486049?ntype=RANKING
"이 대통령 '조폭연루설' 비판에 ""공소취소 침묵은 모순"" vs ""언론 사과해야""",https://n.news.naver.com/article/214/0001486124?ntype=RANKING
"트럼프 ""이란 하르그섬 군사목표물 완전파괴‥석유 인프라는 제외""",https://n.news.naver.com/article/214/0001486110?ntype=RANKING
이라크 주재 미국 대사관 부지 미사일 피격,https://n.news.naver.com/article/214/0001486136?ntype=RANKING
내연녀 세탁기에 넣고 돌린 40대男…15시간의 감금[사건의재구성],https://n.news.naver.com/article/421/0008825427?ntype=RANKING
"北, 탄도미사일 10여발 발사…김민석 ""트럼프, 北 대화 원하는지 물어""(종합2보)",https://n.news.naver.com/article/421/0008825958?ntype=RANKING
"""매일 15시간씩 자고 족발·술 즐겨, 채소는 NO""…102세 할머니 장수 비결",https://n.news.naver.com/article/421/0008825393?ntype=RANKING
"김민전, 전한길 겨냥 ""당 지지율 하락· 張 입지 위축, 엔추파도스 공격이 한몫""",https://n.news.naver.com/article/421/0008825725?ntype=RANKING
인천 빌라촌 쓰레기봉투서 발견된 '2500만원' 주인 아직 못 찾았다,https://n.news.naver.com/article/421/0008825663?ntype=RANKING
"트럼프, 이란 ‘전쟁 돈줄’ 공격… 호르무즈 봉쇄에 강력 경고장",https://n.news.naver.com/article/023/0003964521?ntype=RANKING
"티파니, 러브스토리 최초 공개 “남편 변요한이 먼저 연락, 행복하다”",https://n.news.naver.com/article/023/0003964419?ntype=RANKING
"“나도 좋았다” 女 녹취록 공개… 배우 한지상, 성추행 의혹 해명",https://n.news.naver.com/article/023/0003964553?ntype=RANKING
국군 800명은 왜 北으로 갔나 ‘국군 2개 대대 월북 사건’ [호준석의 역사전쟁],https://n.news.naver.com/article/023/0003964559?ntype=RANKING
경륜인가 노욕인가… 86세 민주당 실세 의원 “18선 도전” 선언,https://n.news.naver.com/article/023/0003964301?ntype=RANKING
"‘18만 삼성전자’, 올라탈까 말까… “믿을 건 반도체뿐” vs “외국인 매도세 심상찮아”",https://n.news.naver.com/article/029/0003015650?ntype=RANKING
트럼프 “내 지시로 이란 하르그 섬 공격”… 판도라 상자 열렸다,https://n.news.naver.com/article/029/0003015674?ntype=RANKING
"[속보] “日 주둔 美강습상륙함·해병대, 중동 전선(戰線) 긴급 투입”… 이란 전쟁 분수령",https://n.news.naver.com/article/029/0003015658?ntype=RANKING
삼전·SK하닉 흔들리자 개미들 대이동…“주식 팔고 ETF로”[주형연의 에구MONEY],https://n.news.naver.com/article/029/0003015661?ntype=RANKING
中 ‘하늘 나는 버스’ 띄웠다… 10인승 초대형 비행택시 첫 시험비행 성공,https://n.news.naver.com/article/029/0003015652?ntype=RANKING
President Lee Jae Myung to hold summit with France’s Macron during state visit,https://n.news.naver.com/article/044/0000281030?ntype=RANKING
Father of newborn saves five lives through organ donation,https://n.news.naver.com/article/044/0000281041?ntype=RANKING
Is a new K-pop power map emerging in 2026?,https://n.news.naver.com/article/044/0000281044?ntype=RANKING
The quiet wisdom of plants: What they teach us about living peacefully,https://n.news.naver.com/article/044/0000281054?ntype=RANKING
Director didn’t like ending of 'King Lear.' Here’s how he changed it,https://n.news.naver.com/article/044/0000281056?ntype=RANKING
"“20만→ 5만원 완전 망했다, 이건 충격” 유명 대기업, 잘 나가는 줄 알았는데…알고 보니",https://n.news.naver.com/article/016/0002613389?ntype=RANKING
"“하이닉스 안 부럽다”…직원 평균연봉 4억, 의사도 놀란 ‘이 회사’ 어디길래",https://n.news.naver.com/article/016/0002613304?ntype=RANKING
“위안화 결제 선박만 호르무즈 통과”…트럼프 패착에 美 패권 무너지나,https://n.news.naver.com/article/016/0002613525?ntype=RANKING
"“다음주 코스피 괜찮을까”…뉴욕증시 또 하락, 이란 전쟁 장기화 우려에 성장률도 반토막 [투자360]",https://n.news.naver.com/article/016/0002613431?ntype=RANKING
“남편 9억 빚 다 갚아줬다” 엄청난 수입 자랑하더니…실상 드러났다,https://n.news.naver.com/article/016/0002613364?ntype=RANKING
“아침 6시반 믹서기 사용 자제 좀”…아파트 호소글 ‘와글’,https://n.news.naver.com/article/020/0003703908?ntype=RANKING
“아빠 콩팥 받고 메스꺼움과 피로 사라져… 남은 건 효도뿐”[병을 이겨내는 사람들],https://n.news.naver.com/article/020/0003703999?ntype=RANKING
“10년 체중 유지해도 다시 찐다?” 김신영 발언에 ‘요요’ 논쟁 [바디플랜],https://n.news.naver.com/article/020/0003704043?ntype=RANKING
"“호르무즈 열어라”…트럼프, 이란 석유시설 파괴 불사 ‘경고’",https://n.news.naver.com/article/020/0003704032?ntype=RANKING
“죄책감 없는 존재” 유전적 취약성-유년기 고통이 만든 사이코패스,https://n.news.naver.com/article/020/0003704002?ntype=RANKING
"지금 아니면 또 1년 기다려야한다, 6000원의 눈호강",https://n.news.naver.com/article/025/0003509009?ntype=RANKING
"""어째 으슬으슬하다"" 부친 마지막 말…가장 슬픈 명절 이야기",https://n.news.naver.com/article/025/0003509019?ntype=RANKING
현대차 '2026 팰리세이드' 韓서도 판매중단…美 안전사고 여파,https://n.news.naver.com/article/025/0003509046?ntype=RANKING
"""하루 2200억씩 쓸어담는다""…중동 전쟁 '뜻밖의 승자' 이 나라",https://n.news.naver.com/article/025/0003508949?ntype=RANKING
이란 때리는 트럼프와 불화?…72시간 '침묵' 뒤 입 연 美부통령,https://n.news.naver.com/article/025/0003509025?ntype=RANKING
"“어머님, 범법자 될 수도 있대요”…봄철 많이 하는 ‘이 행위’ 삼가야",https://n.news.naver.com/article/662/0000090557?ntype=RANKING
"잠결 뒤척뒤척, 자고 일어나도 피곤…7가지 ‘숙면’ 꿀팁",https://n.news.naver.com/article/662/0000090488?ntype=RANKING
"아이 위해 전자담배로?…아빠 니코틴 노출, 자녀 OO 위험 높여",https://n.news.naver.com/article/662/0000090546?ntype=RANKING
‘오토바이 장사진’…베트남 하노이에도 기름 사재기,https://n.news.naver.com/article/662/0000090523?ntype=RANKING
농지 전수조사 ‘안갯속’…행정·재정 걸림돌,https://n.news.naver.com/article/662/0000090537?ntype=RANKING
"[TheTax] 20억 건물 팔아 빚 갚고 자녀들 8억 줬는데…""상속세 10억"" 왜?",https://n.news.naver.com/article/008/0005329838?ntype=RANKING
"삼전·닉스 이미 훨훨...""젠슨황이 찍었다"" 월가도 주목한 전력반도체주",https://n.news.naver.com/article/008/0005329851?ntype=RANKING
"""여중생 강간·살해, 나 맞다""…발뺌하던 김길태 무너뜨린 뜻밖의 한마디[뉴스속오늘]",https://n.news.naver.com/article/008/0005329835?ntype=RANKING
"""헉, 미사일"" 두바이 놀러 갔다가 찰칵…외국인 관광객들 줄줄이 체포",https://n.news.naver.com/article/008/0005329898?ntype=RANKING
"미국, '이란 석유 생명줄' 하르그섬 공격…국제유가 또 치솟나",https://n.news.naver.com/article/008/0005329848?ntype=RANKING
"""'포모' 못견디고 삼성전자 샀더니, 2주만에 -16%""...그래도 3% 예금보단 'ETF' [은퇴자 X의 설계]",https://n.news.naver.com/article/014/0005491288?ntype=RANKING
"""60대인데 20대로 본다고?”…67세女, 자랑한 두가지 '동안 비결' 뭐길래? [헬스톡]",https://n.news.naver.com/article/014/0005491275?ntype=RANKING
"""손가락 길이 보면 동성애자인지 알 수 있다""..성욕도 관련 있다고? [헬스톡]",https://n.news.naver.com/article/014/0005491258?ntype=RANKING
"""살 수 있는 집 사라진다"" 아내는 한숨만...15억 아파트에 무슨일? [부동산 아토즈]",https://n.news.naver.com/article/014/0005491342?ntype=RANKING
"""학교 복도·화장실서 담배 뻑뻑""..카메라에 '후~' 연기 뿜으며 영상 찍어 올린 고교생들",https://n.news.naver.com/article/014/0005491319?ntype=RANKING
[르포] “한국에서 산 정품”… 명동·홍대 점령한 중국인 ‘라방’,https://n.news.naver.com/article/366/0001148405?ntype=RANKING
"한국, WBC 도미니카공화국에 콜드게임 패배…4강행 무산",https://n.news.naver.com/article/366/0001148424?ntype=RANKING
대만 8% vs 한국 1%…AI 호황에도 경제성장률 엇갈린 이유는,https://n.news.naver.com/article/366/0001148406?ntype=RANKING
"“이제 마지막인 것 같다”…류현진, 국가대표 은퇴 선언",https://n.news.naver.com/article/366/0001148439?ntype=RANKING
"현대차, 북미서 신형 팰리세이드 일부 모델 판매 중단…2세 여아 사망 여파",https://n.news.naver.com/article/366/0001148420?ntype=RANKING
단숨에 7억 ‘뚝’...잠 못 드는 집주인 [김경민의 부동산NOW],https://n.news.naver.com/article/024/0000104084?ntype=RANKING
“32만전자 거뜬” 이란 전쟁에도 삼성전자 눈높이 ‘쑥’,https://n.news.naver.com/article/024/0000104086?ntype=RANKING
"실적도 주주환원도 No Problem…삼성전자, 이제는 30만원 시대?",https://n.news.naver.com/article/024/0000104061?ntype=RANKING
"[속보] 합참 “北, 동쪽 방향으로 미상 발사체 발사”",https://n.news.naver.com/article/024/0000104090?ntype=RANKING
2년 만에 깨진 ‘강남불패’ [김경민의 부동산NOW],https://n.news.naver.com/article/024/0000104075?ntype=RANKING
"""아들 돌부터 모은 '금 50돈' 있는데 어쩌죠""…40대 부부 고민 [돈 버는 법 아끼는 법]",https://n.news.naver.com/article/015/0005262259?ntype=RANKING
다이소 또 일냈다…5000원짜리 내놓자마자 바로 '품절 대란' [현장+],https://n.news.naver.com/article/015/0005262237?ntype=RANKING
삼전·하이닉스 뚝뚝 떨어지는데…'놀라운 전망' 나왔다 [분석+],https://n.news.naver.com/article/015/0005262295?ntype=RANKING
할머니들만 하는 줄 알았는데…2030 푹 빠진 취미 정체 [트렌드+],https://n.news.naver.com/article/015/0005262202?ntype=RANKING
"[속보] 한국 야구, 도미니카共에 완패…WBC 4강 진출 무산",https://n.news.naver.com/article/015/0005262262?ntype=RANKING
22억 넘던 아파트 두 달 만에 이럴 수가...집값 보다 무서운 전셋값,https://n.news.naver.com/article/018/0006234368?ntype=RANKING
"""상속세 16% 너무 낮아""…맘다니, 50%로 상향 제안",https://n.news.naver.com/article/018/0006234946?ntype=RANKING
"이마에 ""마약 문의"" 계정 문신...500만원에 얼굴 판 유튜버",https://n.news.naver.com/article/018/0006234808?ntype=RANKING
"“중국, 대만 유사시 한국 공격할 수도 있다”...이유는",https://n.news.naver.com/article/018/0006234015?ntype=RANKING
"""이 스웨이드 세트 어디 거?""...'173㎝ 모델핏' 미야오 가원 공항룩[누구템]",https://n.news.naver.com/article/018/0006234854?ntype=RANKING
"“엄마, 배가 계속 아파요” 병원 갔더니…4세 아들 뱃속에 숙변 아닌 자석이",https://n.news.naver.com/article/009/0005650173?ntype=RANKING
여행 블로거인 줄만 알았더니 ‘찐금수저’였네…25살에 1.7조 거부된 사연,https://n.news.naver.com/article/009/0005650125?ntype=RANKING
자고 일어나니 60만원 ‘껑충’…항공권 가격에 비행기 못탄다 ‘비명’,https://n.news.naver.com/article/009/0005650097?ntype=RANKING
"“눈 밑 지방 끌어올려”…‘6년 만 복귀’ 김건모, 밝아진 근황",https://n.news.naver.com/article/009/0005650194?ntype=RANKING
"“남친, 갤럭시 쓴다면 약간 싫어”…76만 유튜버 기피 발언에 불붙은 휴대폰 계급론",https://n.news.naver.com/article/009/0005650150?ntype=RANKING
[단독] 얼굴에 '마약 계정' 문신 새기고 돈 받은 유튜버 구속기로,https://n.news.naver.com/article/469/0000919337?ntype=RANKING
'상왕 김어준'에 누적된 반감 폭발했나... 친명 '손절' 기류 확산,https://n.news.naver.com/article/469/0000919360?ntype=RANKING
"""진짜 양아치 데려오면 어떡해""…유해진 모습 보고 영화 제작자가 화낸 이유",https://n.news.naver.com/article/469/0000919367?ntype=RANKING
"미국, '이란 석유 생명선' 하르그섬 쳤다… 트럼프 ""이란의 '왕관보석' 공습""",https://n.news.naver.com/article/469/0000919391?ntype=RANKING
'마약 계정' 얼굴 문신하고 돈 받은 유튜버 구속,https://n.news.naver.com/article/469/0000919419?ntype=RANKING
"한국인 단골 점심인데…""설탕보다 10배 치명적"" 의사가 경고한 '췌장 망치는 음식'",https://n.news.naver.com/article/277/0005734314?ntype=RANKING
"""냉장고는 텅텅, 수건은 한 장""…'1200조 최고 부자' 10평 집 둘러보니",https://n.news.naver.com/article/277/0005734304?ntype=RANKING
"""생활비 너무 높아"" 최저시급 4만4700원 인상 파격 추진하는 뉴욕시",https://n.news.naver.com/article/277/0005734191?ntype=RANKING
"""삼겹살 구워도 집안이 뽀송""…8년차 자취러 흡족 '한 뼘 다이슨' 써보니[언박싱]",https://n.news.naver.com/article/277/0005734250?ntype=RANKING
"""李 대통령 감사합니다""…'쯔양 협박' 구제역 측, 재판소원 청구 예고",https://n.news.naver.com/article/277/0005734204?ntype=RANKING
“매일 마신 달콤한 한 잔”…생존율 17% 췌장암 부른 ‘혈당 습관’ 경고,https://n.news.naver.com/article/022/0004112655?ntype=RANKING
“북한사람들 도와주자고요? 왜요?”… 학생 2명 중 1명 “北은 경계 대상” [통일교육 실태조사 上],https://n.news.naver.com/article/022/0004112624?ntype=RANKING
"“8000원 두쫀쿠, 2000원 떨이해도 영”…‘버터떡’ 갈아탄 사장님들 [밀착취재]",https://n.news.naver.com/article/022/0004112583?ntype=RANKING
"할머니 모시던 여친, 사귄지 한달만에 살해…“돈 좀 있는줄” [사건 속으로]",https://n.news.naver.com/article/022/0004112744?ntype=RANKING
이준석 모친 이름 언급 뒤 ‘젓가락’ 악플…“수치심 주려고” 검찰행,https://n.news.naver.com/article/022/0004112728?ntype=RANKING
"쓰레기봉투서 2,500만 원…한 달 넘게 주인 안 나타났다",https://n.news.naver.com/article/660/0000105247?ntype=RANKING
"삼성전자 플랙트, 광주 생산라인 투자 협약 연기",https://n.news.naver.com/article/660/0000105237?ntype=RANKING
"""2008년 금융위기 전야 닮았다""…월가서 나온 섬뜩한 경고",https://n.news.naver.com/article/660/0000105245?ntype=RANKING
"손수조 ""이재명 거래설, 본진은 김어준...근데 '상왕' 무서워서 눈치만, 장인수만 고발"" [여의도 진검승부]",https://n.news.naver.com/article/660/0000105252?ntype=RANKING
"합참 ""北, 동쪽으로 미상 발사체 10여 발 발사""…日 ""EEZ 밖에 낙하한 듯""",https://n.news.naver.com/article/660/0000105260?ntype=RANKING
주유소 “팔수록 적자지만 100원 내려”…“오랜만에 가득 넣었다”,https://n.news.naver.com/article/056/0012141691?ntype=RANKING
남양주서 ‘전자발찌’ 차고 여성 살해…신변보호장치도 못 막았다,https://n.news.naver.com/article/056/0012141956?ntype=RANKING
‘1년에 신도시 하나’ 뚝딱…사라져가는 대동강 무인도,https://n.news.naver.com/article/056/0012141697?ntype=RANKING
‘한강 거북선’ 통영살이 20년…왜 골칫덩이가 되었나?,https://n.news.naver.com/article/056/0012141926?ntype=RANKING
이태원참사 당시 구청장 ‘충격’ 행적…경광봉 들고 인파 관리? [지금뉴스],https://n.news.naver.com/article/056/0012141948?ntype=RANKING
시험관에 여왕개미 2000마리 밀반출하려던 중국인 적발… 무슨 개미길래?,https://n.news.naver.com/article/030/0003407382?ntype=RANKING
테슬라 사이버트럭 오토파일럿 오류 사고 '머스크 탓'...텍사스서 100만달러 소송,https://n.news.naver.com/article/030/0003407381?ntype=RANKING
푸틴 “이란 핵 러시아로 옮기자”…트럼프 결국 거부한 이유,https://n.news.naver.com/article/030/0003407389?ntype=RANKING
“어선 위장한 자폭 드론보트로 유조선 공격”…이란 '벌떼 공격'에 호르무즈 공포 확산,https://n.news.naver.com/article/030/0003407416?ntype=RANKING
라면에 밥을 너무 말아먹고 싶다면?…내과 전문의가 추천하는 '이것' 넣어라,https://n.news.naver.com/article/030/0003407231?ntype=RANKING
"'사퇴' 이정현 ""오세훈, 규칙 지키는 건 도리…국힘은 '코마' 상태""",https://n.news.naver.com/article/586/0000124391?ntype=RANKING
"트럼프 ""이란 하르그 섬 군사 목표물 완전 파괴""",https://n.news.naver.com/article/586/0000124396?ntype=RANKING
"장동혁 ""이정현, 지선 승리 위해선 반드시 필요""…李 ""다 때가 있어""",https://n.news.naver.com/article/586/0000124408?ntype=RANKING
"현대차, 美 사고 여파에 팰리세이드 일부 판매 중단",https://n.news.naver.com/article/586/0000124401?ntype=RANKING
"김어준 ""고소·고발시 모조리 무고 걸겠다…왜 사과하나""",https://n.news.naver.com/article/586/0000124390?ntype=RANKING
다카이치 “세계에 ‘독도는 일본 땅’ 알려야” 망언…민주 “즉각 멈춰라”,https://n.news.naver.com/article/028/0002795804?ntype=RANKING
"북, “상대국 삽시 붕괴” 600㎜ 방사포 쏜 듯…한·미 연합연습에 무력시위",https://n.news.naver.com/article/028/0002795908?ntype=RANKING
"한국 야구, 도미니카에 7회 콜드게임 패…WBC 4강행 무산",https://n.news.naver.com/article/028/0002795887?ntype=RANKING
미군은 ‘시신을 세지 않는다’…그래도 누군가는 전쟁 사망자 기록한다 [.txt],https://n.news.naver.com/article/028/0002795882?ntype=RANKING
“윤석열의 꼬붕” “이재명에 아첨”…조국-한동훈 SNS 설전,https://n.news.naver.com/article/028/0002795904?ntype=RANKING
"李대통령 ""팔자 고치는 데는 로또보다 확실히 쉽다""…주가조작 신고 독려",https://n.news.naver.com/article/082/0001370852?ntype=RANKING
"트럼프 ""이란 하르그섬 군사목표물 완전파괴…석유인프라는 제외""",https://n.news.naver.com/article/082/0001370840?ntype=RANKING
부산 북구에서 유치원 버스 포함 3중 추돌…5명 병원 옮겨져,https://n.news.naver.com/article/082/0001370838?ntype=RANKING
이라크 주재 美 대사관 부지 미사일 피격…검은 연기 치솟아,https://n.news.naver.com/article/082/0001370851?ntype=RANKING
길거리서 여성 살해한 전자발찌男…긴급 체포,https://n.news.naver.com/article/082/0001370846?ntype=RANKING
[속보] 이라크 주재 미국 대사관에 미사일 떨어져 폭발,https://n.news.naver.com/article/654/0000170643?ntype=RANKING
"[속보] 이 대통령 ""무책임한 언론, 흉기보다 무서워""…'조폭 연루설' 집유 확정 비판",https://n.news.naver.com/article/654/0000170628?ntype=RANKING
주택가 쓰레기봉투서 나온 2500만원…한 달 넘도록 주인 오리무중,https://n.news.naver.com/article/654/0000170634?ntype=RANKING
양구 소양호에서 어선 잡기 위해 물에 들어간 50대 실종,https://n.news.naver.com/article/654/0000170621?ntype=RANKING
춘천서 로또 1등·2등 다 나왔다… 1215회 1등 총 16명 19억9854만원씩,https://n.news.naver.com/article/654/0000170650?ntype=RANKING
이준석 모친에 '젓가락' 미러링 악플…성폭력처벌법 위반 송치,https://n.news.naver.com/article/001/0015958476?ntype=RANKING
"美, 이란 최고지도자 모즈타바 등에 최대 150억원 현상금",https://n.news.naver.com/article/001/0015958384?ntype=RANKING
"[샷!] ""일반인은 접근도 못하는 은밀한 곳 같이 가실래요?",https://n.news.naver.com/article/001/0015958405?ntype=RANKING
"""日배치 美강습상륙함·해병 2천500명 중동증파"" 이란전쟁 분수령(종합)",https://n.news.naver.com/article/001/0015958422?ntype=RANKING
"美, 호르무즈 봉쇄해제 압박…이란젖줄 하르그섬 내 군시설 폭격",https://n.news.naver.com/article/001/0015958991?ntype=RANKING
"“떼놓은 당상? 주민들 무시하나” “당 지지도, 갑절로 차이”…인천 계양을 르포",https://n.news.naver.com/article/032/0003433226?ntype=RANKING
"[속보]미 국방 “모즈타바, 부상으로 외모 훼손된 듯”···첫 메시지 대독으로 건강 상태 논란",https://n.news.naver.com/article/032/0003433199?ntype=RANKING
북한이 쏜 미사일은 ‘600㎜ 방사포’···김정은이 자랑했던 그 미사일,https://n.news.naver.com/article/032/0003433249?ntype=RANKING
"미국서 팰리세이드 ‘전동시트 끼임 사고’에…현대차, 일부 사양 판매 중단",https://n.news.naver.com/article/032/0003433235?ntype=RANKING
정부도 욕먹인 김의겸 사퇴···새만금개발청장 취임 8개월 만에 ‘6월 재선거’ 출마,https://n.news.naver.com/article/032/0003433127?ntype=RANKING
"""나랑 만날래, 죽을래?""…10대 여친 폭행한 전과범 남친",https://n.news.naver.com/article/437/0000482852?ntype=RANKING
전자발찌 찬 채 길거리서 여성 살해…40대 남성 체포,https://n.news.naver.com/article/437/0000482881?ntype=RANKING
"총격 직전 ""알라신은 위대""…미국 본토까지 테러 전운",https://n.news.naver.com/article/437/0000482827?ntype=RANKING
"밴스 부통령, 이란 군사작전 앞두고 ""반대""...트럼프와 갈등설 확산",https://n.news.naver.com/article/437/0000482855?ntype=RANKING
"'최후의 경고' 미, 하르그섬 대규모 공습…이란, 즉각 반격",https://n.news.naver.com/article/437/0000482908?ntype=RANKING
"‘16kg 감량’ 홍현희, 턱살 싹 사라진 비결일까… ‘이 운동’ 인증",https://n.news.naver.com/article/346/0000106199?ntype=RANKING
‘젊은 대장암’ 계속 느는 중… ‘이 음료’부터 끊어라,https://n.news.naver.com/article/346/0000106209?ntype=RANKING
아침에 ‘이것’ 먹었더니… LDL 콜레스테롤 수치 줄었다,https://n.news.naver.com/article/346/0000106202?ntype=RANKING
"‘혈당 스파이크’ 걱정 없는 간식들, 뭐가 있을까?",https://n.news.naver.com/article/346/0000106212?ntype=RANKING
"“뱃살 쏙 빠진다” 한고은, 물에 ‘이것’ 넣어 마신다는데… 뭐지?",https://n.news.naver.com/article/346/0000106205?ntype=RANKING
“한국인 매일 먹는데”…췌장 망치는 음식 4가지 ‘충격’,https://n.news.naver.com/article/081/0003625761?ntype=RANKING
요즘 난리 난 ‘알부민’…전문가 경고 “조미료 퍼먹는 꼴”,https://n.news.naver.com/article/081/0003625766?ntype=RANKING
“수건도 한 장뿐”…재산 1230조 ‘세계 최고 부자’ 머스크 집 공개,https://n.news.naver.com/article/081/0003625782?ntype=RANKING
장농 속 ‘염처리’된 시신…담배꽁초의 ‘립스틱’이 가리킨 범인은 여성이 아닌 남성 [듣는 그날의 사건현장 - 범죄는 흔적을 남긴다],https://n.news.naver.com/article/081/0003625794?ntype=RANKING
최초 女연쇄살인마 김선자와 모텔 살인 김소영…40년을 관통한 탐욕과 잔혹함의 평행이론 [듣는 그날의 사건현장 - 범죄는 흔적을 남긴다],https://n.news.naver.com/article/081/0003625721?ntype=RANKING
"트럼프 ""이란 핵심 석유 시설 하르그섬 폭격…모든 군사 목표물 완전 파괴""",https://n.news.naver.com/article/002/0002431819?ntype=RANKING
"""이라크 주재 미국 대사관 미사일 공격 받아""",https://n.news.naver.com/article/002/0002431832?ntype=RANKING
"이란 침공 전쟁, 한국 언론은 트럼프 말과 한국 주식에 더 집중해 보도했다",https://n.news.naver.com/article/002/0002431816?ntype=RANKING
"[단독] '진주 편의점 폭행' 가해자, 피해자에 자살 협박 ""죽어 없어지길 바라는 게 아니라면…""",https://n.news.naver.com/article/002/0002431817?ntype=RANKING
"다시 고개숙인 김동연 ""정치 10개월 초짜였다""며 김용에는 ""헌신한 분, 가장 미안해""",https://n.news.naver.com/article/002/0002431801?ntype=RANKING
두쫀쿠 가고 버터떡 왔나…빨라진 유행에 피로감도,https://n.news.naver.com/article/005/0001837080?ntype=RANKING
딸 향한 킥보드 막다 중태 빠진 엄마…가해 중학생·업체 송치,https://n.news.naver.com/article/005/0001837032?ntype=RANKING
‘32만전자·170만닉스 간다’ 이란 전쟁에도 목표가 줄상향,https://n.news.naver.com/article/005/0001837088?ntype=RANKING
"이란, 하르그섬 공격 받자 “美 관련 역내 석유시설 반격” 경고",https://n.news.naver.com/article/005/0001837086?ntype=RANKING
"전자발찌 40대, 남양주 길거리서 여성 살해… 경찰 검거",https://n.news.naver.com/article/005/0001837085?ntype=RANKING
"""설마 막겠어?"" 방심한 트럼프…호르무즈 봉쇄 '무방비'",https://n.news.naver.com/article/422/0000843687?ntype=RANKING
"[단독] 이재룡, 사고 직전 동료 집도 방문…추가 음주 있었나",https://n.news.naver.com/article/422/0000843801?ntype=RANKING
미군 기지 몰래 들어간 간 큰 도둑들…군용 드론 4대 훔쳐 도망,https://n.news.naver.com/article/422/0000843814?ntype=RANKING
"미 국방 ""이란 새 지도자 모즈타바, 부상으로 외모 훼손된 듯""",https://n.news.naver.com/article/422/0000843788?ntype=RANKING
주말 양양 해상서 서핑하다 외해로 떠밀려 표류…40대 서핑객 구조,https://n.news.naver.com/article/422/0000843964?ntype=RANKING
"전자발찌 훼손 후 도주한 40대, 남양주서 교제 하던 20대 여성 살해…양평서 검거",https://n.news.naver.com/article/087/0001179840?ntype=RANKING
"李대통령 ""무책임한 언론은 흉기보다 무서워""…'조폭 연루설' 장영하 유죄 확정에 언론 비판",https://n.news.naver.com/article/087/0001179833?ntype=RANKING
"이준석 대표 모친에 ‘젓가락’ 등 선정적 댓글 단 남성, 검찰 송치…이 대표 측 “정당한 수사 결과”",https://n.news.naver.com/article/087/0001179835?ntype=RANKING
"경찰, 배우 이재룡 음주측정방해 혐의 추가 입건…‘술타기’ 정황 수사",https://n.news.naver.com/article/087/0001179827?ntype=RANKING
트럼프 “이란 하르그섬의 모든 군사 목표물 완전히 파괴...석유 인프라는 파괴하지 않기로”,https://n.news.naver.com/article/087/0001179843?ntype=RANKING
"“엊그제 살걸, 이틀 새 60만원 올랐다”…치솟는 美 항공권 가격에 ‘비명’",https://n.news.naver.com/article/011/0004599176?ntype=RANKING
“딱 97억 먹고 나왔다” 이러니 주식 안 해?…투자판 뒤흔드는 2030세대의 ‘포모’ “부동산 대신 주식”,https://n.news.naver.com/article/011/0004599038?ntype=RANKING
아빠 차 카니발도 제쳤다...불티나게 팔리며 “예술이다” 소리 절로 나온 ‘이 차’,https://n.news.naver.com/article/011/0004599256?ntype=RANKING
"“아빠, 또 술 마시고 왔어?” 50대 남성, 이제 진짜 줄여야 하는 이유 [헬시타임]",https://n.news.naver.com/article/011/0004599305?ntype=RANKING
"“‘모텔 살인’ 김소영 주장을 그대로, 한심하다”…검찰 저격한 프로파일러, 왜?",https://n.news.naver.com/article/011/0004599183?ntype=RANKING
"주말인데 ""밤사이 무슨일이"" 노심초사…또 1,500원 돌파",https://n.news.naver.com/article/215/0001245123?ntype=RANKING
"""우리는 친구니까""…호르무즈 봉쇄 뚫은 선박 2척",https://n.news.naver.com/article/215/0001245171?ntype=RANKING
"이란·FOMC에 흔들려도…""다음 주 코스피 5,300~5,900 전망""",https://n.news.naver.com/article/215/0001245142?ntype=RANKING
"""알바생 연봉 9,000만원?""…파격 인상안에 찬반 '팽팽'",https://n.news.naver.com/article/215/0001245149?ntype=RANKING
"어린이대공원 나들이 어쩌나…""주말 교통 확인하세요""",https://n.news.naver.com/article/215/0001245050?ntype=RANKING
"100세 할머니 생활 방식 화제 ""족발·술 즐기고 채소는 안 먹어""",https://n.news.naver.com/article/057/0001939762?ntype=RANKING
"한지상, 성추행 의혹 해명…녹취록엔 ""당시엔 좋았다""",https://n.news.naver.com/article/057/0001939783?ntype=RANKING
"[단독] ""출근이 지옥 같았다""…고용노동부, '야구 방망이 위협' 기업 특별감독 착수",https://n.news.naver.com/article/057/0001939714?ntype=RANKING
"발 묶인 한국 선박 40척 ""기름·식량은 충분""…기약 없는 고립에 불안",https://n.news.naver.com/article/057/0001939712?ntype=RANKING
이준석 모친 실명 말하며 '젓가락' 표현 담긴 악플…결국 송치,https://n.news.naver.com/article/057/0001939754?ntype=RANKING
"""우리 석유 치면 다 파괴한다""…미국 폭격에 칼 빼든 이란의 경고",https://n.news.naver.com/article/055/0001340270?ntype=RANKING
"[자막뉴스] 번쩍하더니 하르그섬 활주로 '와르르'…""달러 안 받아"" 호르무즈 통과 조건이",https://n.news.naver.com/article/055/0001340313?ntype=RANKING
[단독] 전국서 '30억 원' 증발…사원증 걸고 찾아온 정체,https://n.news.naver.com/article/055/0001340166?ntype=RANKING
"[단독] ""시비 걸고 술병 깨더니""…양천 '흉기 난동' 60대 구속",https://n.news.naver.com/article/055/0001340238?ntype=RANKING
"버려진 쓰레기봉투서 '2,500만 원'…CCTV도 없었다",https://n.news.naver.com/article/055/0001340254?ntype=RANKING
"""유가 200달러 각오하라""…코인시장 어디로?",https://n.news.naver.com/article/648/0000045277?ntype=RANKING
[ETF워치]'코스닥 액티브' 시대...운용사 '진검승부' 예고,https://n.news.naver.com/article/648/0000045276?ntype=RANKING
강남 '뚝뚝' 떨어진다고?…광교·하남·평촌 '쑥쑥',https://n.news.naver.com/article/648/0000045275?ntype=RANKING
신라면·진라면·불닭 빠진 '맹탕' 가격인하,https://n.news.naver.com/article/648/0000045279?ntype=RANKING
"[단독]백종원, 일본에 'K마라탕' 첫 매장…'마라백' 론칭",https://n.news.naver.com/article/648/0000045266?ntype=RANKING
내연녀 세탁기에 넣고 돌린 40대男…아내·내연녀 관계 의심도,https://n.news.naver.com/article/021/0002777085?ntype=RANKING
[속보]트럼프 “한주간 이란 강타할 것”…日 강습상륙함·해병 2500명 파견,https://n.news.naver.com/article/021/0002777081?ntype=RANKING
“사채 빚 갚으려” 대낮 아파트 주차장서 여성 상대 강도질 한 40대 남성,https://n.news.naver.com/article/021/0002777054?ntype=RANKING
"[속보]이란, 미군 뚫고 호르무즈에 ‘기뢰’ 설치 시작했다…“종전 전 제거 어려워”",https://n.news.naver.com/article/021/0002777022?ntype=RANKING
공무원 퇴직하고 대박 터졌다…너도나도 ‘충주맨 모시기’ 경쟁,https://n.news.naver.com/article/021/0002777097?ntype=RANKING
코스피 어디까지 떨어질까…증권가 예상은,https://n.news.naver.com/article/119/0003068952?ntype=RANKING
"[속보] 119 신고했지만…대구서 30대 공무원, 사무실서 숨진 채 발견",https://n.news.naver.com/article/119/0003068905?ntype=RANKING
딸 지키려다 킥보드와 '쾅' 30대 엄마 중태…'무면허' 가해 중학생 송치,https://n.news.naver.com/article/119/0003068983?ntype=RANKING
"""제발 좀 벗지 마세요"" 속 끓는 '이 나라'",https://n.news.naver.com/article/119/0003068951?ntype=RANKING
"무단외출 막았다고…현대차 아산공장 노조, 사무실 때려부숴",https://n.news.naver.com/article/119/0003068913?ntype=RANKING
"호주와 유럽은 왜 청소년 SNS 이용을 금지하나 [평범한 이웃, 유럽]",https://n.news.naver.com/article/308/0000038004?ntype=RANKING
"이란 쿠르드 정당, “모즈타바, 아버지와 같은 운명 처할 것”",https://n.news.naver.com/article/308/0000038002?ntype=RANKING
"[단독] 김건희 구속 뒤 최은순, 양평 땅 담보대출금 갚았다",https://n.news.naver.com/article/308/0000037995?ntype=RANKING
"김종인 “내일 지선? 국힘 17곳 중 2곳 승리, PK도 어려워” [김은지의 뉴스IN]",https://n.news.naver.com/article/308/0000037997?ntype=RANKING
“달콤함에 세금을?” 너무 쉬운 길은 아닐까,https://n.news.naver.com/article/308/0000038000?ntype=RANKING
"이정현 사퇴 부른 '오동설'…오세훈 악수일까, 묘수일까[영상]",https://n.news.naver.com/article/079/0004124718?ntype=RANKING
"""이런 날이 오네요"" 중증장애 딸 돌봄 60대 수급자의 '특별한 백만원'",https://n.news.naver.com/article/079/0004124716?ntype=RANKING
코스피 4800 내려갈 확률? 존재감 커진 '예측시장'[계좌부활전],https://n.news.naver.com/article/079/0004124713?ntype=RANKING
"김민석 국무총리, 백악관에서 트럼프 美대통령 만나",https://n.news.naver.com/article/079/0004124711?ntype=RANKING
"차인표 ""시민은 준비돼 있다…기후위기, 기준 세워야 바뀌죠""",https://n.news.naver.com/article/079/0004124732?ntype=RANKING
삼성전자·SK 자사주 20조 태웠다…재계 '기대반 우려반',https://n.news.naver.com/article/293/0000080912?ntype=RANKING
"[박병무의 뉴 엔씨①] ""통곡의 벽 23만원""…멈춘 주가, 첫 시험대",https://n.news.naver.com/article/293/0000080895?ntype=RANKING
"에스피지, 수익성 개선 속 '로봇 부품' 성장 기대",https://n.news.naver.com/article/293/0000080907?ntype=RANKING
"[전력기기 호황 이면]③ LS일렉트릭, 낮은 수출 비중 '고민'",https://n.news.naver.com/article/293/0000080910?ntype=RANKING
"한화오션, 수주잔액 34조 돌파 '상선·해상풍력' 쌍끌이",https://n.news.naver.com/article/293/0000080863?ntype=RANKING
로또 1215회 당첨번호 조회···'1등 자동은 12명',https://n.news.naver.com/article/629/0000481375?ntype=RANKING
"[속보] 합참 ""北, 동쪽 방향으로 미상 발사체 발사""",https://n.news.naver.com/article/629/0000481351?ntype=RANKING
뚫린 '서울' 흔들리는 '영남'…與 '지방선거 압승' 기회?,https://n.news.naver.com/article/629/0000481328?ntype=RANKING
"[주간사모펀드] 한앤컴퍼니, 8년 만에 SK이터닉스 투자 '졸업'",https://n.news.naver.com/article/629/0000481323?ntype=RANKING
[미스터리경제] 당신의 코인은 당신의 것입니까? (영상),https://n.news.naver.com/article/629/0000481321?ntype=RANKING
‘왕사남’ 영월·‘극한직업’ 수원…1000만 영화가 가져온 지역경제 '훈풍'  [DD초점],https://n.news.naver.com/article/138/0002220554?ntype=RANKING
"‘왕사남’ 단종 박지훈처럼 사과 1개 다이어트?… ""전하 아니 되옵니다""",https://n.news.naver.com/article/138/0002220478?ntype=RANKING
‘운명의 두 달’ 홈플러스…익스프레스 매각이냐 청산이냐,https://n.news.naver.com/article/138/0002220552?ntype=RANKING
[취재수첩] 국장 탈출은 지능순?… 오명 떨쳐낼 골든타임이 왔다,https://n.news.naver.com/article/138/0002220556?ntype=RANKING
[MZ 재테크] 매달 나가는 실손보험료 아깝죠?… ‘5세대 실손보험’ 갈아탈까,https://n.news.naver.com/article/138/0002220553?ntype=RANKING
"조선일보 둘째 아들, 회삿돈 500만 달러 배임 의혹",https://n.news.naver.com/article/607/0000003214?ntype=RANKING
한국 원전 '롤모델' 프랑스도 원전vs재생에너지 충돌,https://n.news.naver.com/article/607/0000003217?ntype=RANKING
"“조용히 하려면 브릿지로” 방정오, 500만 달러 집행 직접 승인 정황",https://n.news.naver.com/article/607/0000003215?ntype=RANKING
[현장에서] '입틀막 행동대장' 김우석의 방미심위 귀환,https://n.news.naver.com/article/607/0000003218?ntype=RANKING
"‘인력난’ 2차 종합특검, 내란 특검과 삐걱대는 사연",https://n.news.naver.com/article/607/0000003219?ntype=RANKING
[취재후 Talk] 트럼프가 말을 바꿀 수밖에 없는 이유,https://n.news.naver.com/article/448/0000596504?ntype=RANKING
"'김어준 유튜브' 직격한 靑 ""매우 부적절한 가짜뉴스""…'방미심위' 조사도 거론",https://n.news.naver.com/article/448/0000596464?ntype=RANKING
"美, 이란 새 최고지도자 등에 최대 '150억 원' 현상금",https://n.news.naver.com/article/448/0000596554?ntype=RANKING
[속보] 남양주서 여성 살해한 '전자발찌 40대 남성' 검거,https://n.news.naver.com/article/448/0000596525?ntype=RANKING
"[속보] 트럼프 ""미군, 내 지시로 이란 하르그 섬 공격""",https://n.news.naver.com/article/448/0000596494?ntype=RANKING
"북한군 귀순 전에 귀순 기사 내보낸 동아일보, 어떻게 가능했을까?",https://n.news.naver.com/article/006/0000134754?ntype=RANKING
"청와대 정무수석, '김어준 방송'에 ""어이 없어… 언론중재 대상""",https://n.news.naver.com/article/006/0000134751?ntype=RANKING
"전쟁 일으킨 트럼프, 이번엔 한국에 파병 요구",https://n.news.naver.com/article/006/0000134764?ntype=RANKING
"챗GPT에 '먹여서' 과제 내는 학생들, 문제 없을까?",https://n.news.naver.com/article/006/0000134755?ntype=RANKING
"이 대통령 ""이재명 조폭연루설 보도한 언론, 사과는커녕…""",https://n.news.naver.com/article/006/0000134756?ntype=RANKING
"""설탕보다 위험한 '이것'""…전문의가 꼽은 췌장에 안 좋은 음식",https://n.news.naver.com/article/003/0013821203?ntype=RANKING
이재룡 '술타기' 의혹…고의성·음주량 특정되면 처벌 수위 높아져,https://n.news.naver.com/article/003/0013821603?ntype=RANKING
"北, 탄도미사일 10여발 발사…트럼프 '러브콜' 하루도 안 돼 도발(종합2보)",https://n.news.naver.com/article/003/0013821956?ntype=RANKING
"길거리서 '20대 여성 살해' 전자발찌 40대男, 스토커였다",https://n.news.naver.com/article/003/0013821850?ntype=RANKING
"""32만전자·170만닉스 간다""…눈높이 올리는 증권가",https://n.news.naver.com/article/003/0013821667?ntype=RANKING
"이재룡, 음주사고 내고 또 술자리로…‘술타기’ 시도 의심",https://n.news.naver.com/article/449/0000338202?ntype=RANKING
"한국, 도미니카共에 콜드패…17년 만의 WBC 4강행 무산",https://n.news.naver.com/article/449/0000338217?ntype=RANKING
"“오세훈, 왜 안 나와요”…상인 질문에 장동혁 답은?",https://n.news.naver.com/article/449/0000338207?ntype=RANKING
패트리엇 1000발 소진…사드 발사대 1대 성주 복귀,https://n.news.naver.com/article/449/0000338195?ntype=RANKING
"미 국방장관 “이란 새 지도자 모즈타바, 외모 훼손된 듯”",https://n.news.naver.com/article/449/0000338210?ntype=RANKING
불티나게 팔렸다는데…국민 아빠차 카니발도 '초긴장',https://n.news.naver.com/article/374/0000497910?ntype=RANKING
"""내 손주 보는데 월 30만원 받는다고""…'이곳'에서 와글",https://n.news.naver.com/article/374/0000497911?ntype=RANKING
약 처방 서두르세요…다음달 공보의 절반 사라진다,https://n.news.naver.com/article/374/0000497839?ntype=RANKING
"""우리 자식도 해당될까?""…청년 매달 월세 20만원 준다는데",https://n.news.naver.com/article/374/0000497913?ntype=RANKING
"은퇴후 건보료 폭탄 맞을라…""임의계속가입 신청하세요""",https://n.news.naver.com/article/374/0000497914?ntype=RANKING
"하루에 믹스커피 50잔... 그 남자가 내게 가르쳐준 것 [커피로 맛보는 역사, 역사로 배우는 커피]",https://n.news.naver.com/article/047/0002508021?ntype=RANKING
노부부가 건넨 귤 두 개... 배달 라이더를 일으키는 순간들,https://n.news.naver.com/article/047/0002508018?ntype=RANKING
"'공소취소 타진설' 이후 민주당 의원들 ""김어준 사과해야"", ""뉴스공장 안 나가""",https://n.news.naver.com/article/047/0002507985?ntype=RANKING
"""박수 한번 주십시오"" 이재명 대통령, 무대 아래 신용한 콕 찍은 이유",https://n.news.naver.com/article/047/0002508014?ntype=RANKING
"유영하 ""박근혜 업고 선거 치를 생각 없어, 내 정치로 평가받겠다""",https://n.news.naver.com/article/047/0002508022?ntype=RANKING
"추미애 ""이재명 대통령은 억울하다…유언비어 잔인할 만큼 집요""",https://n.news.naver.com/article/666/0000099168?ntype=RANKING
‘딸 구하려 뇌손상 엄마’ 송도 킥보드 사건...운전 여중생·대여업체 송치,https://n.news.naver.com/article/666/0000099141?ntype=RANKING
김포 공장 기숙사서 30대 미얀마 노동자 숨진 채 발견,https://n.news.naver.com/article/666/0000099159?ntype=RANKING
교도소 동료 수감자에 “아동 성범죄자” 발언…벌금 100만원,https://n.news.naver.com/article/666/0000099174?ntype=RANKING
분당 마트서 흉기 사서 길거리 배회⋯10대 응급입원,https://n.news.naver.com/article/666/0000099179?ntype=RANKING
당뇨·고혈압·염증 걱정된다면⋯'이 과일' 먹어야 혈관 청소하고 콜레스테롤 없앤다,https://n.news.naver.com/article/031/0001013311?ntype=RANKING
"""자연 치아 8개 뽑고, 임플란트 제거""⋯잇몸병 2000만 시대, 건강한 관리법은? [명의]",https://n.news.naver.com/article/031/0001013187?ntype=RANKING
[결혼과 이혼] 직장·저축 없는 41세 '예비 며느리'⋯맨몸으로 아들 집 들어온다니 '심란',https://n.news.naver.com/article/031/0001013304?ntype=RANKING
포항서 '빨간점퍼 2번 윤석열' 선거운동 '깜짝'…알고보니 '동명이인',https://n.news.naver.com/article/031/0001013281?ntype=RANKING
"이재룡, 음주 사고 후 또 술자리…'김호중 방지법' 추가 적용돼",https://n.news.naver.com/article/031/0001013276?ntype=RANKING
"애플, 마침내 아이폰 접다…기대되는 9가지 변화",https://n.news.naver.com/article/092/0002414347?ntype=RANKING
"[영상] ""네 발로 걷는 인간?""…20㎏ 짐도 거뜬히 드는 착용형 로봇",https://n.news.naver.com/article/092/0002414346?ntype=RANKING
"티빙, 14일 한국·도미니카 WBC 8강전 생중계",https://n.news.naver.com/article/092/0002414179?ntype=RANKING
"미슐랭 스타셰프 손종원, 삼각별 벤츠와 만났다",https://n.news.naver.com/article/092/0002414259?ntype=RANKING
"미국 정부 앤트로픽 퇴출 압박…팔란티어 ""클로드 계속 쓴다""",https://n.news.naver.com/article/092/0002414268?ntype=RANKING
"""올해 들어 몸이 왜 힘들까""…노화, 갑자기 온다",https://n.news.naver.com/article/584/0000036751?ntype=RANKING
[사이언스영상] 온몸에 귀가 달린 애벌레,https://n.news.naver.com/article/584/0000036759?ntype=RANKING
[헬스토크] 아침에 뒤꿈치가 찌릿하다면…'족저근막염' 의심해야,https://n.news.naver.com/article/584/0000036755?ntype=RANKING
잇따라 스러지는 택배노동자…야간노동이 더 힘들다는 과학적 증거,https://n.news.naver.com/article/584/0000036758?ntype=RANKING
"생명을 나누는 헌혈견…""보호자 응원 한마디면 기꺼이 해내요""",https://n.news.naver.com/article/584/0000036756?ntype=RANKING
"중동 군사 강국이라던 이란, 빈껍데기 ‘전시용 군대’로 드러나",https://n.news.naver.com/article/037/0000037825?ntype=RANKING
"“원전 르네상스 기대” 두산에너빌리티, 외국인·기관 순매수 1위",https://n.news.naver.com/article/037/0000037823?ntype=RANKING
"[영상] 새벽 5시 평택 삼성전자 반도체 공장, 헬멧 쓴 출근 근로자 8열 종대로 500m",https://n.news.naver.com/article/037/0000037808?ntype=RANKING
삼성전자 갤럭시 S26 시리즈 국내 사전 판매 135만 대… 역대 최다,https://n.news.naver.com/article/037/0000037824?ntype=RANKING
"이란 영공 책임지던 F-14, 이번에 이스라엘 공습 받고 모두 파괴",https://n.news.naver.com/article/037/0000037822?ntype=RANKING
"""괴물과 싸우다 괴물됐나"" 민주당 상왕(上王) 김어준의 대굴욕[금주의 정치舌전]",https://n.news.naver.com/article/088/0001000958?ntype=RANKING
"""음주사고 후 지인 집 갔다""던 이재룡, 또 술집 들렀다…경찰, '술타기 수법' 시도 정황 포착 [금주의 사건사고]",https://n.news.naver.com/article/088/0001000951?ntype=RANKING
"추미애 ""이재명 조폭 연루설…대통령은 억울하다""",https://n.news.naver.com/article/088/0001000957?ntype=RANKING
"80대 숨졌는데 ""사람친줄 몰랐다""…'무면허' 뺑소니범 긴급체포",https://n.news.naver.com/article/088/0001000975?ntype=RANKING
"교도소서 ""저사람 아동 성범죄자""…수감자 공개 지목했다가 벌금형",https://n.news.naver.com/article/088/0001000965?ntype=RANKING
"""월급 1200만원 평생 직장""…대졸자 17만명 몰린 '이 곳'",https://n.news.naver.com/article/053/0000056596?ntype=RANKING
"500만원 받고 이마에 ""마약왕 빌런"" 새긴 유튜버…구독자는 7000명",https://n.news.naver.com/article/053/0000056607?ntype=RANKING
"""아침 6시반 믹서기 자제 좀""…엘리베이터 붙은 메모에 '갑론을박'",https://n.news.naver.com/article/053/0000056597?ntype=RANKING
"[인터뷰] 윤상현 국민의힘 의원 ""윤석열 정부 실패, 우리 모두의 책임""",https://n.news.naver.com/article/053/0000056602?ntype=RANKING
"한동훈 ""나를 발탁한 건 尹 아닌 대한민국…나라 배신 안 했다""",https://n.news.naver.com/article/053/0000056608?ntype=RANKING
"트럼프, 호르무즈 해협에 군함 파견 요구…韓 등 5개국 거론",https://n.news.naver.com/article/656/0000170450?ntype=RANKING
"靑, 北탄도미사일 발사에 긴급회의…""안보리 결의 위반, 중단 촉구""",https://n.news.naver.com/article/656/0000170439?ntype=RANKING
"[뉴스 즉설]민주당도 못 말리는 김어준, ""뭔가 발목 잡혔나"" 야권의 의심",https://n.news.naver.com/article/656/0000170419?ntype=RANKING
"李 대통령 ""조폭연루설 확대 보도한 언론, 사과도 정정도 없어…가짜뉴스는 흉기""",https://n.news.naver.com/article/656/0000170421?ntype=RANKING
"日다카이치 '독도 영유권 주장'에… 외교부 ""단호히 대응""",https://n.news.naver.com/article/656/0000170417?ntype=RANKING
"이재명 대통령 ""쉽지 않은 일인데""…'서울시장 도전' 박주민 공개 칭찬",https://n.news.naver.com/article/417/0001134096?ntype=RANKING
딸 향한 킥보드 막다 중태 '30대 엄마'…무면허 10대·대여업체 결국,https://n.news.naver.com/article/417/0001134119?ntype=RANKING
"[속보] 트럼프 ""이란의 핵심 거점 카르그섬 내 군사 목표물 완전 파괴""",https://n.news.naver.com/article/417/0001134108?ntype=RANKING
"남양주 길거리서 여성 살해한 전자발찌 남성, 스토커였다",https://n.news.naver.com/article/417/0001134144?ntype=RANKING
"[속보]정부, 쉰들러 국제투자분쟁서 승소…3200억 배상 청구 기각",https://n.news.naver.com/article/417/0001134133?ntype=RANKING
"“사실이면 재기 불가능” 뮤지컬 대선배 남경주, 성범죄 혐의로 몰락하나",https://n.news.naver.com/article/310/0000134745?ntype=RANKING
인천 쓰레기봉투 속 현금 2500만원...한 달째 주인 안 나타나,https://n.news.naver.com/article/310/0000134766?ntype=RANKING
"[단독] 한국 미쉐린 10년, 별 딴 여성 셰프 첫 10% 돌파",https://n.news.naver.com/article/310/0000134737?ntype=RANKING
[인터뷰] 신고해도 살해당한 여성들... 조사관은 ‘교제폭력 생존 안내서’를 썼다,https://n.news.naver.com/article/310/0000134731?ntype=RANKING
"[단독] 10명 중 7명이 ‘미승인’... 예술인 혼란 주는 ‘예술활동증명’, 제도 개선 TF 출범",https://n.news.naver.com/article/310/0000134756?ntype=RANKING
"18만전자, 91만닉스… 외국인 매도세에 반도체株 '부진' [주간 증시해설서]",https://n.news.naver.com/article/665/0000006980?ntype=RANKING
李 압박에 강남3구 또 하락했지만… 우려스러운 '전셋값의 역습' [주말 Q&A],https://n.news.naver.com/article/665/0000006984?ntype=RANKING
가격 내릴 땐 편지 올릴 땐 5G… 기름값 '속설'은 정확했다 [분석+],https://n.news.naver.com/article/665/0000006977?ntype=RANKING
"대만·일본에 추월당한 1인당 국민소득, '신산업 발굴' 시급하다",https://n.news.naver.com/article/665/0000006982?ntype=RANKING
하루 8시간 이상 의자에서 보내는 사람들… 의자병 外 [주말서점],https://n.news.naver.com/article/665/0000006981?ntype=RANKING
"[속보] 靑 “北탄도미사일 발사, 유엔안보리 결의 위반 도발…중단 촉구”",https://n.news.naver.com/article/658/0000137916?ntype=RANKING
“부산 만덕~센텀 대심도 개통 후 정체 극심…구조적 결함있다”,https://n.news.naver.com/article/658/0000137900?ntype=RANKING
부산 북구서 유치원 버스가 전방 스타렉스 들이받아…5명 부상,https://n.news.naver.com/article/658/0000137891?ntype=RANKING
"""돌아오라 이정현 공관위원장"", 국민의힘 장동혁 대표 복귀호소 공개메시지",https://n.news.naver.com/article/658/0000137909?ntype=RANKING
"이란, 미국이 석유 인프라 공격하면 중동내 석유시설 맞불 경고",https://n.news.naver.com/article/658/0000137904?ntype=RANKING
이라크 주재 美대사관 단지 미사일 피격,https://n.news.naver.com/article/655/0000030151?ntype=RANKING
"트럼프, ""이란 석유 수출 핵심 하르그 섬 공습""",https://n.news.naver.com/article/655/0000030148?ntype=RANKING
길거리서 '교제 여성 살해' 전자발찌 40대 검거,https://n.news.naver.com/article/655/0000030149?ntype=RANKING
"이재룡, 음주사고 뒤 또 술자리…""술타기 시도 의심""",https://n.news.naver.com/article/655/0000030139?ntype=RANKING
"金총리 ""트럼프, 김정은이 북미대화 원하는지 궁금해 해""",https://n.news.naver.com/article/655/0000030147?ntype=RANKING
"새 주인 나타난 군산조선소, 선박 건조 탄력 받나",https://n.news.naver.com/article/659/0000042059?ntype=RANKING
"우범기 전주시장, ""선출직 평가 하위 20% 결과 겸허히 수용""",https://n.news.naver.com/article/659/0000042055?ntype=RANKING
"로맨스스캠 감지하자 즉시 지급 정지.. 3,200만 원 피해액 돌려받아",https://n.news.naver.com/article/659/0000042056?ntype=RANKING
부안 왕등도 인근 배에서 선원 추락.. 2시간 넘게 수색 중,https://n.news.naver.com/article/659/0000042065?ntype=RANKING
"민주당 순창 방문.. ""새만금 투자"" 강조하며 '표심 잡기'",https://n.news.naver.com/article/659/0000042058?ntype=RANKING
이라크 상공서 美 공중급유기 추락...탑승자 6명 중 4명 사망,https://n.news.naver.com/article/123/0002379451?ntype=RANKING
“설사 끝내려면 이렇게 먹어라”... 전문가가 밝힌 식단,https://n.news.naver.com/article/123/0002379448?ntype=RANKING
"美, 이란 자금줄 '하르그섬' 공습…日 주둔 미 해병대 중동 증파",https://n.news.naver.com/article/123/0002379459?ntype=RANKING
"예정없던 백악관 회동…트럼프, 金총리에 “김정은, 나와 대화 원하나”",https://n.news.naver.com/article/123/0002379456?ntype=RANKING
"이란 해안 5km ‘미사일 사거리’…美, 호르무즈 호위작전 고심",https://n.news.naver.com/article/123/0002379449?ntype=RANKING
"트럼프 ""미군, 이란 하르그 섬 공격""…최고지도자 모즈타바 150억 원 현상금",https://n.news.naver.com/article/657/0000049217?ntype=RANKING
119에 직접 신고했지만···대구 수성구청에서 30대 공무원 숨진 채 발견,https://n.news.naver.com/article/657/0000049214?ntype=RANKING
대구에 창고형 약국 4개월 새 3곳···의약품 쇼핑 괜찮나,https://n.news.naver.com/article/657/0000049215?ntype=RANKING
[마기자가 간다] 엄흥도 ‘진짜 묘’가 대구 군위에?···”영월의 ‘가묘’는 궁궐처럼 해놨던데”,https://n.news.naver.com/article/657/0000049226?ntype=RANKING
"""결승 같은 예선""···국민의힘 대구시당·경북도당, 기초단체장·지방의원 공천 심사 돌입",https://n.news.naver.com/article/657/0000049213?ntype=RANKING
"트럼프, ""이란 완전히 패배""",https://n.news.naver.com/article/050/0000103542?ntype=RANKING
"""이라크 주재 미국 대사관 미사일 공격 받아""",https://n.news.naver.com/article/050/0000103539?ntype=RANKING
"트럼프 ""이란 완전히 파괴…오늘 무슨 일 생기는지 봐라""",https://n.news.naver.com/article/050/0000103510?ntype=RANKING
"[속보]미 해병 2500명, 중동으로 이동 중",https://n.news.naver.com/article/050/0000103528?ntype=RANKING
"미국, 이란 하르그 섬 공습...석유 수출 핵심지",https://n.news.naver.com/article/050/0000103530?ntype=RANKING
성희롱에 잘 대처하지 못해 자책하는 당신에게,https://n.news.naver.com/article/007/0000008149?ntype=RANKING
"‘기지촌 성착취’, 주한미군의 책임도 묻는다",https://n.news.naver.com/article/007/0000008148?ntype=RANKING
‘유아퇴행’이라는 말은 누구를 향하고 있는가,https://n.news.naver.com/article/007/0000008147?ntype=RANKING
"실패로부터, 실패를 향해",https://n.news.naver.com/article/007/0000008146?ntype=RANKING
페미니스트 각성은 자산경제를 넘어설 수 있을까?,https://n.news.naver.com/article/007/0000008145?ntype=RANKING
"공복에 올리브유, 들기름 많이 먹었더니  “어, 체중이”…'이렇게' 먹어야 좋은 지방 들어온다",https://n.news.naver.com/article/296/0000098499?ntype=RANKING
“헬스장 다녀도 살이 안 빠져?”…무심코 하는 ‘이 행동’ 때문일 수도,https://n.news.naver.com/article/296/0000098505?ntype=RANKING
"“이렇게 먹으니 말랐지” 제니 vs 로제, ‘이것’ 꽉 채운 식단… 뭐길래?",https://n.news.naver.com/article/296/0000098501?ntype=RANKING
"윤혜진, 갈비뼈 앙상한 이유 있었네…운동 후 뭐 먹나 보니?",https://n.news.naver.com/article/296/0000098506?ntype=RANKING
"‘13kg 감량’ 소유, 다이어트 비결 보니? “비빔면 다섯 가닥 먹어”",https://n.news.naver.com/article/296/0000098525?ntype=RANKING
누가 농사짓는지 모르는 나라…첫 전수조사로 실태 드러날까,https://n.news.naver.com/article/033/0000050392?ntype=RANKING
"최고가격제 시행 직후 전국 기름값 하락…이 대통령 “어기는 주유소, 제게 신고해달라”",https://n.news.naver.com/article/033/0000050415?ntype=RANKING
“모두가 서울 살아야 할까요?”…지방과 서울 사이 고민하는 청년들[기울어진 나라 ①],https://n.news.naver.com/article/033/0000050391?ntype=RANKING
이정후 “프로와 고교선수가 싸우는 것 아냐…주눅 들지 않을 것”,https://n.news.naver.com/article/033/0000050416?ntype=RANKING
트럼프가 전쟁을 서슴지 않는 까닭은[신간],https://n.news.naver.com/article/033/0000050405?ntype=RANKING
"사법시험 부활, ‘일 좀 하는 청와대’가 마주한 난제",https://n.news.naver.com/article/036/0000053280?ntype=RANKING
"김어준발 ‘공소취소 거래설’, 불씨는 민주당 검찰개혁 강경파가 지폈다",https://n.news.naver.com/article/036/0000053276?ntype=RANKING
‘공소취소 거래설’ 김어준 “고소·고발 모조리 무고로 걸 것”,https://n.news.naver.com/article/036/0000053278?ntype=RANKING
"사면초가 트럼프, 눈앞에 뭐가 보이는가?",https://n.news.naver.com/article/036/0000053284?ntype=RANKING
트럼프만의 ‘멋진 신세계’,https://n.news.naver.com/article/036/0000053274?ntype=RANKING
바를 잡는 어른들…한국에 번지는 취미 발레 열풍,https://n.news.naver.com/article/640/0000085623?ntype=RANKING
"한국, 호르무즈 봉쇄에 미국·호주산 원유 수입 확대 검토",https://n.news.naver.com/article/640/0000085498?ntype=RANKING
"Iran war threatening Hyundai’s Middle East ambitions, chipmakers’ rare gas lifeline",https://n.news.naver.com/article/640/0000085620?ntype=RANKING
North fires ballistic missiles a day after Trump expresses interest in dialogue,https://n.news.naver.com/article/640/0000085664?ntype=RANKING
Kospi’s volatile rally pits retail ‘ants’ against foreign sellers,https://n.news.naver.com/article/640/0000085654?ntype=RANKING
소형 SUV ‘기아 천하’…중견 3사 설 자리 좁아진다,https://n.news.naver.com/article/243/0000094496?ntype=RANKING
전쟁·고유가에 하락세 美증시까지…다음 주 '내 주식 괜찮을까',https://n.news.naver.com/article/243/0000094483?ntype=RANKING
중동 리스크에 유가 변수 확대…다음 주 기름값 다시 흔들릴까,https://n.news.naver.com/article/243/0000094499?ntype=RANKING
트럼프의 이란 하르그 섬 공습…다음주 '글로벌 금융시장' 또 시험대,https://n.news.naver.com/article/243/0000094493?ntype=RANKING
전쟁에도 선방한 비트코인…‘디지털 금’ 역할 가능한가,https://n.news.naver.com/article/243/0000094485?ntype=RANKING
나이지리아 부부가 아기 이름 ‘세종’으로 지은 이유,https://n.news.naver.com/article/262/0000019225?ntype=RANKING
주식시장 급등락은 '숫자 밖'에서 시작된다,https://n.news.naver.com/article/262/0000019227?ntype=RANKING
유리병이 페트병보다 친환경? 코카콜라 실험 결과는 달랐다,https://n.news.naver.com/article/262/0000019222?ntype=RANKING
美·이란 전쟁은 AI가 지휘하는 ‘미래 전쟁’ 이었다,https://n.news.naver.com/article/262/0000019228?ntype=RANKING
진실이 반드시 사실과 같을 필요는 없다,https://n.news.naver.com/article/262/0000019224?ntype=RANKING
"'바이든-날리면' 중징계 이끈 법원 판단, 이번엔 달랐다",https://n.news.naver.com/article/127/0000038993?ntype=RANKING
"""여성기자, 국장 될 수 없나""… 한국일보 내부서 인사기준 비판",https://n.news.naver.com/article/127/0000038992?ntype=RANKING
"양상우 전 한겨레 사장, YTN 사내이사 내정… 노조 반발",https://n.news.naver.com/article/127/0000038991?ntype=RANKING
"CBS '이혜훈 부정청약 의혹' 보도, 청약점수 역산하며 의혹 끝까지 파헤쳐",https://n.news.naver.com/article/127/0000038988?ntype=RANKING
'입틀막 심의' 비판에… 김우석 방미심위 상임위원 호선 불발,https://n.news.naver.com/article/127/0000038990?ntype=RANKING
무게 232g 갤럭시폰에 담은 광활한 알프스 [스위스 여행],https://n.news.naver.com/article/094/0000013368?ntype=RANKING
"높이 30cm 세계 최소 볼더링 돌멩이, 분실 뒤 되찾아",https://n.news.naver.com/article/094/0000013366?ntype=RANKING
'러브레터'와 '클리프행어' 합쳐 놓은 눈세상 [스위스 여행],https://n.news.naver.com/article/094/0000013367?ntype=RANKING
"파타고니아, 여장남자 '패티 고니아' 고소",https://n.news.naver.com/article/094/0000013363?ntype=RANKING
최다 팔로워 등산 유튜버의 '고백' [유튜버 백만송희],https://n.news.naver.com/article/094/0000013358?ntype=RANKING
"집단소송 막 올랐다...쿠팡 집단 손배소 ""1인당 30만원  내놔라""",https://n.news.naver.com/article/661/0000072899?ntype=RANKING
오세훈 신청 거부에 공관위원장 사퇴까지...국민의힘 '자중지란',https://n.news.naver.com/article/661/0000072897?ntype=RANKING
"청와대도 법적 조치 검토.김어준은 ""무고로 맞대응"" 사과 거부",https://n.news.naver.com/article/661/0000072896?ntype=RANKING
오키나와 美 해병대 2500명 중동 급파…이란 지상전 임박했나,https://n.news.naver.com/article/661/0000072907?ntype=RANKING
'공소취소 거래서' 팩트 주장한 장인수...서울경찰청 공공범죄수사대 배당,https://n.news.naver.com/article/661/0000072898?ntype=RANKING
"AI 뜨자 매년 67%씩 큰다…ESS, 이차전지 구원투수 부상",https://n.news.naver.com/article/353/0000054803?ntype=RANKING
"한양 700리 작은 섬, 단종의 수심에 잠기다",https://n.news.naver.com/article/353/0000054839?ntype=RANKING
'거래설'이 키운 진보 내전…속내는 뉴지지층 선점 경쟁,https://n.news.naver.com/article/353/0000054849?ntype=RANKING
"열차엔 ‘평양-베이징’ 표지 뚜렷, 에어차이나 항공편도 뜬다",https://n.news.naver.com/article/353/0000054846?ntype=RANKING
'절윤 선언' 안 통한 보수 내홍…말보다 진짜 행동 나서야,https://n.news.naver.com/article/353/0000054848?ntype=RANKING
“나이 들수록 행복해”…심리학이 밝힌 7가지 이유,https://n.news.naver.com/article/145/0000023375?ntype=RANKING
“더 큰 화분이 필요해”…실내 식물 분갈이 신호는?,https://n.news.naver.com/article/145/0000023380?ntype=RANKING
어릴 때 ‘칭찬’받지 못 했다면…‘결정 장애’ 어른 됩니다,https://n.news.naver.com/article/145/0000023376?ntype=RANKING
"종합비타민, 저속노화 돕는다…과학자들이 주목한 새 연구 결과",https://n.news.naver.com/article/145/0000023374?ntype=RANKING
특란·대란·왕란…달걀 영양가도 다를까?,https://n.news.naver.com/article/145/0000023381?ntype=RANKING
