date,title,content
20250309,[속보]충격 소식! 손흥민 포스텍 경질위해 최선 다한다?…英매체 보도 '수비 기여도 최하위',"사진=SNS
<저작권자 ⓒ 연합뉴스. 무단 전재 재배포 금지, AI 학습 및 활용 금지>
<저작권자 ⓒ 연합뉴스. 무단 전재 재배포 금지, AI 학습 및 활용 금지>
[스포츠조선 강우진 기자]손흥민이 엔제 포스테코글루 토트넘 감독의 경질을 위해 최선을 다하고 있다는 현지 보도가 나왔다. 손흥민의 수비 기여도 등 기량 하락이 팀에 도움이 되지 않는다는 것을 이유로 들었다.

영국 토트넘홋스퍼뉴스는 9일(한국시각) ""손흥민이 포스테코글루 감독의 경질을 위해 최선을 다하고 있다""며 ""손흥민은 토트넘의 전설이지만 예전 같지 않다""고 보도했다.
매체는 ""손흥민은 토트넘에서 전설적인 존재이며, 의심할 여지 없이 클럽 역사상 최고의 외국 선수 중 한 명""이라면서도 ""현재 토트넘의 주장인 손흥민은 최근 몇 달 동안 포스테코글루 감독 체제가 무너지는 모습을 대표하는 인물이 됐다""고 전했다.

이어 토트넘홋스퍼뉴스는 ""손흥민이 2026년까지 계약을 연장했다는 소식이 전해졌을 때, 많은 토트넘 팬들이 부정적인 반응을 보인 것은 의미가 있다""라며 ""이는 손흥민 본인에게도 큰 영향을 미칠 것이며, 그는 보다 화려한 커리어를 쌓을 수 있는 다른 길을 가지 않았던 것에 대해 후회하고 있을 수도 있다""고 주장했다.

토트넘 팬들에게 있어서 가장 중요한 요소는 곧 있을 유럽축구연맹(UEFA) 유로파리그 16강 2차전이다. 손흥민에 대한 비판이 나오는 이유도 1차전에서의 충격적인 패배에서 기인한다.

손흥민은 1차전에서 별다른 존재감을 보이지 못했고, 포스테코글루 감독은 그를 72분 만에 교체했다. 손흥민은 1차전에서 드리블 성공률이 33%에 그쳤고, 세 번의 슈팅 중 단 하나도 유효 슈팅으로 연결하지 못했다. 수비적인 기여도 부족했다.

사진=토트넘 SNS
<저작권자 ⓒ 연합뉴스. 무단 전재 재배포 금지, AI 학습 및 활용 금지>
매체는 손흥민이 여전히 골과 슈팅 면에서는 다른 윙어들보다 뛰어난 성적을 기록하고 있지만, 수비적인 면에서는 도움이 되지 못하고 있다고 지적했다.

토트넘홋스퍼뉴스는 ""최근 몇 달 동안 손흥민은 수비에서 치명적인 약점을 노출하고 있다""며 ""지난 1년간 프리미어리그, 국내 컵대회, 유럽대회를 포함한 모든 경기에서 그는 공격형 미드필더 및 윙어들 중에서 태클, 블록, 인터셉트 등 수비 기여도에서 최하위 1%에 속한다""라고 설명했다.

매체는 ""포스테코글루 체제에서 토트넘은 역습에 취약한 팀인데 주장인 손흥민의 수비 기여도는 부족한 수준""이라며 ""2024~2025시즌 손흥민은 90분당 0.2개의 볼 인터셉트만 기록하고 있어, 토트넘에서 보낸 10시즌 중 최저치를 기록하고 있다""고 말했다.

물론 모든 문제를 손흥민에게 떠넘길 수는 없다. 공격적인 면에서는 여전히 이전과 같은 모습을 보이고 있기 때문이다. 풋몹에 따르면 올 시즌 리그에서 손흥민의 빅찬스 메이킹은 15회로 팀 내 독보적 1위다.

토트넘은 손흥민과 오는 2026년까지 계약을 연장했지만, 여름 이적 시장에서 그를 매각할 가능성도 여전히 존재한다.

현재로서는 유로파리그가 토트넘이 트로피를 들어 올릴 수 있는 유일한 길이며, UEFA 챔피언스리그 진출권을 확보할 수 있는 마지막 기회다. 프리미어리그도 중요하지만, 이제는 유로파리그에 초점을 맞춰야 하는 상황이다. 손흥민과 포스테코글루 감독이 토트넘에 더 머물기 위해서는 유로파리그 트로피가 필요하다.

강우진 기자 kwj1222@sportschosun.com"
20250309,"[공식발표]""경기장 평생 출입 금지 가능""...'양민혁 선발' QPR, 인종차별 사건 발생+""경찰에 구금""→WBA전 0-1 패배","사진=QPR SNS 캡처
사진=QPR SNS 캡처
[스포츠조선 이현석 기자]양민혁이 선발 출전한 퀸즈파크레인저스(QPR)의 경기에서 인종차별 사건이 발생했다.

QPR은 9일(한국시각) 구단 홈페이지를 통해 '구단은 토요일 경기에서 전반 당시 QPR 선수를 향한 인종차별 신고가 접수됐다는 사실을 확인했다'라고 공식 발표했다.

QPR은 '한 팬은 인종차별적 공공 질서 위법 혐의로 이미 경찰에 의해 구금됐으며, 웨스트 브롬위치 알비온(WBA)은 해당 팬의 시즌 티켓 자격도 정지시켰다. QPR은 직접적, 온라인, 혹은 어떤 매체를 통한 모든 형태의 차별은 강력히 비판하며, 이 문제에 대해서도 관련 당국 및 웨스트 브롬위치 알비온과 협력할 것이다'라고 전했다. 영국의 익스프레스앤스타는 '해당 팬은 유죄 판결을 받는다면 평생 경기장 출입 금지 처분을 받을 수 있다고 밝혔다'라고 덧붙였다.

사진=QPR SNS 캡처
QPR은 9일 영국 웨스트브롬위치의 호손스에서 열린 WBA와의 2024~2025시즌 챔피언십(2부리그) 36라운드 경기에서 0대1로 패배했다.

이날 경기 양민혁은 2경기 연속 선발 출전하며 기대감을 키웠다. 양민혁은 직전 셰필드 유나이티드전에서도 선발로 출전하며 QPR에서의 입지를 넓혔다. 폴 스미스, 사이토 고키, 일리아스 체어와 함께 공격진을 구축했다.

양민혁은 최전방과 우측을 오가며 공격진에서 맹활약했다. 전반 30분에는 코너킥 상황에서 흐른 공을 잡은 양민혁이 오른쪽을 그대로 돌파하며 낮은 크로스를 연결했다. 문전 앞까지 향한 공은 수비에 막혔고, 이후 던의 슈팅까지 나왔으나 골문 안으로 향하지 못했다.

QPR은 페널티킥을 내주며 실점했다. 전반 38분 박스 안에서 잭 콜백이 상대 선수의 발을 걸어 넘어트리며 페널티킥을 내줬다. 애덤 암스트롱이 이를 깔끔하게 마무리하며 WBA가 앞서 나갔다.

사진=QPR SNS 캡처
QPR도 기회를 잡았다. 상대 퇴장 변수로 수적 우위를 점했다. 전반 종료 직전 다니 펄롱이 사이토를 가격해 곧바로 주심은 퇴장을 선언했다.

후반 내내 공격을 주도한 QPR은 WBA의 골문을 두드렸으나 쉽게 열리지 않았다. 후반 6분 셰이르가 반대편으로 연결한 크로스를 던이 다시 패스로 마무리해 문전 앞으로 전달했다. 사이토가 헤더로 마무리했으나 골문을 외면하고 말았다.

양민혁도 계속해서 상대 수비를 흔드는 크로스로 공격을 시도했으나 득점으로 연결되는 장면이 나오지 못했다. 양민혁은 후반 44분 해리슨 애쉬비와 교체되며 경기를 마감했다. QPR은 마지막까지 한 골의 격차를 극복하지 못하고 0대1로 패배했다. 양민혁은 89분을 소화하며 패스 성공률 82%, 크로스 성공 1회, 태클 성공 2회, 경합 성공 4회 등을 기록했다.

사진=QPR SNS 캡처
한편 한국 선수를 향한 유럽 축구에서의 인종차별 사건은 매 시즌 논란이 되고 이를 향한 강력한 처벌이 있음에도 계속 이어지고 있다. 앞서 손흥민도 올 시즌을 앞두고 팀 동료인 로드리고 벤탄쿠르의 발언으로 인종차별의 피해자가 되기도 했으며, 잉글랜드 프리미어리그(EPL) 경기 도중에도 여러 차례 인종차별로 상처를 입기도 했다.

지난 2023년 5월에도 토트넘과 팰리스의 맞대결에서 손흥민을 향해 일부 원정 팬들이 양 손가락으로 눈을 찢는 인종 차별 행위를 하면서 큰 분노를 일으켰다. 손흥민은 당시 인종차별적 행위와 손가락 욕 등 매우 불쾌한 행동을 마주했음에도 대응하지 않고 차분하게 벤치로 돌아갔다. 당시 원정 팬의 만행이 SNS를 통해 전해지자 큰 공분을 샀다. 토트넘은 곧바로 경기 후 성명을 통한 비판을 내걸었다. 공식 홈페이지를 통해 '우리는 경기에서 손흥민에 대한 인종차별 혐의를 인지하고 있다. 모든 종류의 차별은 혐오스럽고, 사회, 경기, 클럽에서 모두 용납되지 않는다'라고 강하게 비판했다.

AFP연합뉴스
AFP연합뉴스
이강인도 피할 수 없었다. 이강인은 지난해 10월 PSG 오픈 트레이닝 당시 팬들과 만나는 시간을 가졌다. 이강인은 행사에서 팬들과 하이파이브를 하며 지나가던 도중 한 팬으로부터 ""가자 중국인(Allez mon Chinois)""라는 발언을 들었다. 한 남성 팬의 발언은 영상에 그대로 담겼고, 해당 팬은 다른 선수들은 이름을 부르면서도 이강인은 중국인이라고 부르며 확실한 인종차별 발언을 했다. 해당 영상은 곧바로 SNS를 통해 퍼졌고, 프랑스 언론들은 이강인을 향한 인종차별을 보도했다.

PSG는 즉각 대응했다. 프랑스의 르파리지앵은 'PSG는 이강인에 대한 인종차별을 한 서포터를 영구 제명했다고 구단 SNS를 통해 밝혔다. 해당 남성은 공개된 PSG의 오픈 트레이닝 영상에서 한국 선수인 이강인에게 노골적으로 중국인이라고 말했다'라고 전했다. PSG는 공식 SNS를 통해 'PSG는 어떠한 형태의 인종차별도 용납하지 않는다. 이강인 사건에 연루된 팬은 팬클럽 가입이 영구 정지됐고, 선수는 훈련 직후 사과를 받았다'라고 발표했다.

황희찬은 프리시즌 도중 일을 겪었다. 7월 세리에A 승격팀 코모와의 경기 도중 상대 선수가 황희찬을 향해 재키 찬(성룡)이라는 발언을 쏟아냈고, 울버햄튼은 이를 명확히 인종차별이라고 지적했다. 코모 구단은 사과하지 않았지만, 국제축구연맹(FIFA)은 해당 선수에 대해 10경기 출전 정지 징계라는 강한 중징계를 내렸다.

이현석 기자 digh1229@sportschosun.com"
20250309,[속보] 황희찬 동료에게 '주먹질+발길질+박차기' 당하더니…올여름 리버풀 이적→'HERE WE GO' 확인,"[SPORTALKOREA] 배웅기 기자= 밀로시 케르케즈(21·본머스)가 리버풀 유니폼을 입을 전망이다.

이적시장 전문가 파브리지오 로마노 기자는 8일(한국시간) 자신의 사회관계망서비스(SNS)를 통해 ""리버풀이 케르케즈 영입을 위해 본머스에 접촉했다""고 밝혔다. 케르케즈 또한 리버풀 이적을 추진하고자 새로운 에이전트와 계약을 맺었다는 후문이다.

올 시즌 프리미어리그 및 유럽축구연맹(UEFA) 챔피언스리그 우승에 도전하는 리버풀은 트렌트 알렉산더아놀드의 레알 마드리드 이적설과 앤디 로버트슨의 노쇠화로 골머리를 앓고 있다. 다행히도 라이트백에는 코너 브래들리라는 걸출한 유망주가 존재하나 레프트백의 경우 이야기가 다르다.



리버풀은 케르케즈가 발군의 기량을 보이기 시작한 지난달부터 영입을 원한 것으로 알려졌다. 영국 매체 '더 아이 페이퍼'는 과거 보도를 통해 ""리버풀이 라이벌 맨체스터 시티와 맨유를 제치고 케르케즈를 영입할 계획""이라며 ""선수 본인은 리버풀 이적을 선호하는 상황이다. 리처드 휴즈 단장은 본머스 시절 케르케즈를 영입한 장본인으로 결정에 중요한 영향을 미칠 것""이라고 밝혔다.

관건은 이적료가 될 것으로 보인다. 본머스는 올겨울 케르케즈의 장기적 대체자로 훌리오 솔레르를 영입했다. 다만 최소 5,000만 파운드(약 937억 원) 이상의 이적료가 아니면 케르케즈를 매각하지 않겠다는 방침이다.



케르케즈는 2022년 AZ 알크마르 유니폼을 입고 프로 데뷔, 통산 57경기 5골 8도움을 올리며 두각을 드러냈다. 이후 2023년 여름 본머스로 적을 옮겼다. 2023/24시즌 33경기 1도움으로 예열을 마친 케르케즈는 2024/25시즌 30경기 2골 4도움을 기록하며 프리미어리그 수위급 레프트백으로 자리매김했다.

헝가리 국가대표팀에서도 주전 레프트백으로 활약하고 있다. 2022년 데뷔 이래 A매치 통산 21경기에 나섰고, 현재 리버풀에 몸담고 있는 대표팀 선배 도미니크 소보슬라이와 빼어난 호흡을 선보였다. 올해 21세로 매우 어려 '경험 많은 유망주' 영입을 추구하는 리버풀의 기조와도 확실히 맞아떨어진다는 평가다.

한편 케르케즈는 2일 영국 본머스 바이탈리티 스타디움에서 열린 울버햄튼 원더러스와 2024/25 잉글랜드축구협회(FA)컵 5라운드 홈경기(1-1 무승부)에서 화를 이기지 못한 마테우스 쿠냐에게 주먹질, 발길질, 박치기로 이어지는 폭행을 당해 안타까움을 자아낸 바 있다.


사진=365스코어 인스타그램 캡처, 게티이미지코리아

취재문의 sportal@sportalkorea.co.kr"
20250309,"""토트넘, '손흥민 1377억' 말이 되나?…요리스처럼 계약해지, 공짜로 보내!""","(엑스포츠뉴스 김현기 기자) 손흥민 거취로 올여름 이적시장이 다시 뜨거울 조짐이다.

특히 손흥민이 현 소속팀인 토트넘 홋스퍼와의 재계약에 미지근한 반응을 보이는 것으로 알려지면서 그의 유료 이적 가능성도 배제할 수 없게 됐다.

손흥민은 당초 올여름 토트넘과 4년 계약기간이 끝날 예정이었으나, 토트넘이 계약서 부속 조항에 첨부된 1년 연장옵션을 행사하면서 내년 6월로 1년 연기됐다.

올여름 자유계약(FA) 신분 취득은 무산됐지만 여전히 키는 손흥민이 쥐고 있다. 손흥민을 적절한 이적료 주고자 하는 구단이 있고 손흥민의 퇴단 의지가 확고하다면 토트넘이 무작정 막을 수 없기 때문이다. 토트넘은 손흥민을 계약기간 끝까지 데리고 있다가 내줄 경우 이적료를 한 푼도 받을 수 없다. 마음 떠난 선수 1년 더 데리고 있어도 연봉 180억원만 더 쓰는 꼴이 되기 때문이다.

실제 손흥민이 이적을 모색하는 것 같은 보도도 나왔다.

영국 유력지 '더 타임즈'가 그의 동향을 전하면서 토트넘은 재계약 의향이 있지만 손흥민이 이를 거절하고 있다고 밝혔다.

손흥민 거취 논쟁은 그간 마이너 매체 위주로 거론됐으나 '더 타임스'가 끼어들면서 활활 타오르는 모양새다.

신문은 지난달 말 ""토트넘은 손흥민과 재계약을 통해 그가 구단 역사상 최고의 선수 중 한 명으로 남길 원하고 있다. 그러나 손흥민이 계약 연장에 회의적인 태도를 보이면서 협상에 난항을 겪고 있다""라고 보도했다.



통상 나이 먹은 손흥민을 토트넘이 재계약 꺼려할 것으로 판단되기 쉽지만 '더 타임스'는 다른 취재 결과물을 내놨다. 신문에 따르면 토트넘은 손흥민을 매각할 생각이 없으며 토트넘에서 은퇴하기를 바라는데, 오히려 손흥민이 토트넘의 재계약 제안을 받아들이지 않고 있다는 뜻이다.

축구매체 '풋볼 인사이더'는 손흥민을 잃을 가능성에 대한 우려가 토트넘 직원들 사이에서 번지고 있다고 했다.

매체는 ""토트넘 직원들 사이에서 손흥민에 대한 우려가 나오고 있다""며 ""그래서 손흥민의 잠재적인 대체자를 고르고 있는 상황이다""고 했다.

글로벌 매체 ESPN도 손흥민 소식을 내놨다. 손흥민의 골이나 실력보다 미소가 사라졌다며 이대로 손흥민이 토트넘 퇴단을 결심하는 것 아니냐는 관측이 나왔다.
이런 상황에서 손흥민을 원하는 곳도 거명됐다. 해리 케인과 김민재가 뛰고 있는 독일 최고 명문 바이에른 뮌헨이 떠올랐다.

물론 스페인 매체 피차헤스가 손흥민의 뮌헨 이적 가능성을 처음 제기해서 신뢰성이 높은 편은 아니다.

하지만 독일 언론 TZ가 피차헤스 보도를 인정하면서 4년 전 손흥민의 뮌헨 이적 무산 뒷얘기를 털어놔 이번에도 뮌헨이 손흥민을 다시 원할 수 있는 가능성을 열어놨다.

TZ는 ""손흥민은 당초 올해 무료로 토트넘을 떠나려고 했지만 최근 2026년 6월까지 계약을 1년 더 연장했다""며 ""손흥민이 오면 적응할 필요가 없다. 손흥민은 2015년부터 2023년까지 토트넘에서 (뮌헨 간판 공격수)해리 케인과 함께 뛰었다. 당시 그들은 프리미어리그에서 가장 위험한 공격 듀오였다""고 했다.



그러면서 뮌헨이 손흥민 영입 추진했던 이야기를 꺼냈다.

매체는 ""2021년 봄부터 뮌헨 감독(한스 디터 플리크 현 바르셀로나 감독)은 당시 29세였던 올라운드 공격수에 주목했다""며 ""그러나 손흥민이 토트넘과 계약 연장을 했고, 또 높은 이적료로 인해 이적은 실패로 끝났다""고 했다.

TZ는 ""당시 뮌헨 구단은 손흥민을 데려가기 위해 8500만 유로(1377억원)를 내놓아야 했을 것이다""고 했다.

4년 전 8500만 유로 이적료 요구는 여러 갈래로 해석할 수 있다. 손흥민이 마침 뮌헨 러브콜이 오갔던 2021-2022시즌 프리미어리그 득점왕에 올랐기 때문에 토트넘의 몸값 계산이 맞은 것 아니냐고 할 수 있다.

반면 이제 30살을 앞둔 선수 구매에 1000억원 훌쩍 넘어가는 돈을 달라는 요구는 지나치다는 판단을 할 만도 하다.

당시 뮌헨은 손흥민의 연봉으로 195억원을 책정했는데, 토트넘은 180억원 정도로 연봉 올려주면서 손흥민을 북런던(토트넘 연고지)에 남겨뒀다.

시간이 흘러 2025년에 손흥민 이적 '사가'가 다시 불붙는 중이다. 특히 뮌헨과 연결되고 있다.

손흥민과 뮌헨은 사실 '윈-윈'할 수 있는 사이다. 손흥민은 2009년부터 독일에 건너가 축구 유학을 했고 함부르크와 레버쿠젠에서 1군 생활하며 대성했다. 2015년 토트넘으로 이적하기 전까지 독일에서 지금의 월드클래스 초석을 닦았다. 독일 축구와 문화에 익숙하고, 독어에도 능통하다.



뮌헨 역시 연봉 300억원 안팎을 받는 레로이 자네, 세르주 그나브리, 킹슬리 코망 등 측면 공격수 3명이 모두 부진한 터라 고민이다. 손흥민 나이가 33살로 많지만 2년 정도는 쓸 수 있다는 점을 고려하면 180억원 연봉이 가성비 넘치는 수준이다.

게다가 최근 뮌헨 단장은 막스 에베를은 지난 5일 실시한 팟캐스트 인터뷰에서 케인이 힘들 때 백업 스트라이커로 뛰고, 평소엔 윙어나 2선 공격수로 케인과 호흡할 수 있는 공격수를 찾는다고 했다. 손흥민 만한 공격수가 없다.

그런 상황에서 토트넘 팬들은 안지 포스테코글루 감독의 전술적 결여를 간과하고 손흥민의 부진만 야단치고 있다. ""손흥민 연봉 아까우니 깎아라""는 주문까지 하고 있는 실정이다. 손흥민 입장에서도 10년간 청춘을 바친 곳에서 욕을 들을 이유가 없다. 토트넘을 떠나 우승컵을 위해 현역 인생 마지막을 불태우는 것도 의미 있다.

관건은 올여름 그가 떠날 경우 이적료다.

최근 독일 이적시장 매체 '트란스퍼마르크트'에 따르면 손흥민의 시장가치는 580억원 안팎으로 추산된다.

하지만 손흥민의 나이가 33살이고 가치가 떨어지는 추세여서, 뮌헨이 그의 미래가치를 계산한다면 580억원을 전부 내놓을 이유는 없다. 사우디 구단 말고는 전세계 어느 곳도 손흥민을 500억원 이상 주고 데려가기는 어렵다.



축구계에선 케인과 위로 요리스 사례를 든다. 케인의 경우는 30살인 2023년 여름 토트넘에서 뮌헨으로 이적했는데 나이가 적은 편이 아니었지만 토트넘은 1억 파운드(1800억원)에 가까운 이적료를 요구해 관철했다.

반면 요리스에 대해선 골키퍼 수명을 감안했을 때, 지금의 손흥민과 엇비슷한 37세에 미국 메이저리그(MLS) LA FC로 보내면서 이적료를 받지 않았다. 계약기간 6개월 남은 시점에서 이적료를 포기한 것이다. 물론 요리스의 연봉을 아꼈기 때문에 이적료까지 받는 것은 무리였다.

올여름 손흥민의 현실은 케인과 요리스의 중간이 될 전망이다. 토트넘은 다음 시즌부터 손흥민을 백업으로 내릴 태세다. 하지만 손흥민 기량이 아직 녹슬었는지는 더 두고 봐야 한다. 뮌헨처럼 동료들의 클래스가 좋은 팀에 가면 손흥민이 마지막 불꽃을 태울 수 있다.

손흥민과 토트넘이 거취와 관련된 고차원 방정식 풀이에 들어갔다.

토트넘이 구단의 글로벌 위상을 한껏 높이고 10년간 꿋꿋이 활약한 손흥민의 헌신을 고려한다면 의외로 쉽게 그의 마지막 팀이, 뮌헨이든 아니든 올여름 결정될 수 있다. 이미 팬들은 TZ 보도를 접한 뒤 ""4년 전 토트넘이 너무 터무니 없는 액수를 뮌헨에 요구했다""며 ""무료는 아니어도 요리스처럼 보내는 것도 방안""이라고 외치고 있다. 

사진=연합뉴스

 "
20250309,"""토트넘, 뮌헨에 손흥민 이적료로 1377억원이란 엄청난 돈을 요구했다""","(엑스포츠뉴스 김현기 기자) 최근 손흥민의 올여름 거취가 관심을 모으는 가운데 그의 행선지로 독일 최고 명문 바이에른 뮌헨이 꼽히고 있다.

신뢰도 높은 언론 혹은 손흥민이 뮌헨으로 올여름 갈 수도 있다는 정황은 아직 없다.

게다가 뮌헨이 오는 7월 33살이 되는 손흥민을 이적료 주고 데려오려고 할지도 아직은 의문이다. 손흥민이 올여름 토트넘과 계약이 끝나 자유계약 신분(FA)를 취득하면 뮌헨행이 보다 수월해질 수 있지만 토트넘은 지난 2021년 손흥민과 4년 계약을 체결할 때 첨부했던 1년 연장 옵션을 지난 1월7일 행사했다.

이에 따라 손흥민은 토트넘과 2026년 6월까지 계약을 체결한 상황이다.

이런 시점에서 지난달 말 스페인 매체 '피차헤스'가 손흥민의 뮌헨 이적 가능성을 처음 보도했다. 이어 몇몇 영국 매체와 독일 매체도 손흥민이 뮌헨으로 갈 수 있다는 얘기를 꺼냈다.

그런 가운데 뮌헨이 지난 2021년에도 손흥민 영입을 타진했다는 주장이 나왔다.

뮌헨이 손흥민 이적에 드라이브를 걸었다는 보도는 실제 4년 전 독일 언론에서 흘러나왔는데 손흥민이 토트넘과 막 4년 계약을 체결한 시점이었고 연봉도 한화 180억원으로, 토트넘 입장에선 꽤 많은 돈을 제시했기 때문에 뮌헨도 성사시키지 못했다.



그리고 토트넘도 당시 29살인 손흥민을 데려가기 위한 조건으로 큰 이적료를 요구했던 것으로 알려졌다.

독일 매체 TZ가 4년 전 뮌헨이 손흥민을 영입하려고 할 때 토트넘이 제시했던 이적료를 지난 7일 공개했다.

TZ는 ""손흥민은 당초 올해 무료로 토트넘을 떠나려고 했지만 최근 2026년 6월까지 계약을 1년 더 연장했다""며 ""손흥민이 오면 적응할 필요가 없다. 손흥민은 2015년부터 2023년까지 토트넘에서 (뮌헨 간판 공격수)해리 케인과 함께 뛰었다. 당시 그들은 프리미어리그에서 가장 위험한 공격 듀오였다""고 했다.
그러면서 뮌헨이 손흥민 영입 추진했던 이야기를 꺼냈다.

매체는 ""2021년 봄부터 뮌헨 감독(한스 디터 플리크 현 바르셀로나 감독)은 당시 29세였던 올라운드 공격수에 주목했다""며 ""그러나 손흥민이 토트넘과 계약 연장을 했고, 또 높은 이적료로 인해 이적은 실패로 끝났다""고 했다.

TZ는 ""당시 뮌헨 구단은 손흥민을 데려가기 위해 8500만 유로를 내놓아야 했을 것이다""고 했다.

한화로 계산하면 1377억원의 몸값을 토트넘이 뮌헨에 요구했던 셈이다. 이적이 성사됐더라면 아시아 축구사에 좀처럼 깨지기 어려운 이적료 기록에 세워질 뻔했다.

손흥민이 2021-2022시즌 프리미어리그 득점왕에 오르는 등 전성기를 구가하고 있었기 때문에 토트넘이 계산한 손흥민 이적료는 어느 정도 합리적이라고 할 수 있다.



물론 30대에 막 접어드는 손흥민의 당시 상황을 고려하면 토트넘이 무리한 요구를 했다고 볼 수도 있다.

이제 옛날 얘기가 됐고 올여름 손흥민이 토트넘에 이적료를 안기고 떠날지, 아니면 토트넘과 11번째 시즌에 접어들어 잔류와 FA계약을 놓고 고민할지 시선을 모을 전망이다.

최근 뮌헨 단장이 막스 에베를이 공격수 영입을 시사하면서 조건을 걸었는데 손흥민의 기능 및 역할과 흡사해 관심을 모은 적이 있다.

에베를 단장은 독일 유력지 '빌트'의 뮌헨 전문기자 크리스티안 폴크와 토비 알트셰플이 지난 5일 실시한 팟캐스트 인터뷰에서 케인이 힘들 때 백업 스트라이커로 뛰고, 평소엔 윙어나 2선 공격수로 케인과 호흡할 수 있는 공격수를 찾는다고 했다.

에베를은 ""맨시티를 보면 엘링 홀란 백업으로 훌리안 알바레스가 뛰다가 출전 기회 적어 결국 (아틀레티코 마드리드로)나갔지 않았느냐""고 반문하며 ""케인 백업을 데려오는 게 쉬운 일은 아니다""고 했다.

그는 이어 ""하지만 여러 포지션을 뛰는 멀티 공격수라면 해답이 될 수 있다""고 했다. 케인이 쉬거나 다쳤을 땐 스트라이커로 뛰고, 그가 원톱으로 나설 땐 측면이나 2선에서 호흡 맞추는 공격수를 뜻하는 것으로 보인다.

사실 에베를이 말하는 그런 공격수가 바로 손흥민 같은 유형이다.



손흥민은 기본적으로 레프트윙을 소화하지만 케인이 2023년 7월 뮌헨을 떠난 뒤엔 전방 스트라이커를 꽤 오래 보면서 골까지 터트렸기 때문이다.

TZ는 뮌헨이 손흥민 데려올 수 있는 방법으로, 현재 뮌헨에서 6개월간 임대 신분으로 토트넘에 간 공격수 마티스 텔과의 올여름 트레이드 형식을 거론했다.

토트넘이 텔을 영구이적으로 영입하려고 할 경우 뮌헨에 지불해야 하는 임대료 중 일부를 손흥민으로 치환할 수 있는 것 아니냐는 뜻이다.

물론 에베를 단장의 발언이 레버쿠젠에서 한창 전성기를 누리는 독일 국가대표 플로리안 비르츠나 브라질 슈퍼스타 네이마르를 염두에 둔 것이라는 해석도 있긴 하다.

사진=엑스포츠뉴스DB / 연합뉴스"
20250309,"김민재 없으니 ‘수비 슝슝’.. ‘2-0→2-3’ 뮌헨, ‘팔리냐 멍청한 퇴장’→보훔에 충격적인 대역전패···레버쿠젠도 패하며 안도[분데스 리뷰]","김민재와 다요 우파메카노가 없는 수비진이 와르르 무너졌다. 바이에른 뮌헨이 주앙 팔리냐의 퇴장 악재 속에 보훔에 2-0에서 2-3으로 충격적인 역전패를 당하며 무너졌다. 하지만 다행히도 바이어 04 레버쿠젠도 패하며 안도의 한숨을 내쉬었다. Getty Images



김민재와 다요 우파메카노가 없는 수비진이 와르르 무너졌다. 바이에른 뮌헨이 주앙 팔리냐의 퇴장 악재 속에 보훔에 2-0에서 2-3으로 충격적인 역전패를 당하며 무너졌다. 하지만 다행히도 바이어 04 레버쿠젠도 패하며 안도의 한숨을 내쉬었다. Getty Images



김민재와 다요 우파메카노가 없는 수비진이 와르르 무너졌다. 바이에른 뮌헨이 주앙 팔리냐의 퇴장 악재 속에 보훔에 2-0에서 2-3으로 충격적인 역전패를 당하며 무너졌다. 하지만 다행히도 바이어 04 레버쿠젠도 패하며 안도의 한숨을 내쉬었다.

뮌헨은 8일 오후 11시 30분(한국시간) 독일 뮌헨의 알리안츠 아레나에서 열린 2024-25 독일 분데스리가 25라운드 홈 경기에서 보훔에 2-3으로 패했다. 이날 패배로 뮌헨은 19승 4무 2패(승점 61)를 기록했으나 2위 레버쿠젠도 베르더 브레멘에 패하면서 8점 격차를 유지했다.

바이에른 뮌헨 선발 라인업. 뮌헨 SNS


뱅상 콤파니 감독은 보훔을 상대로 대거 로테이션을 가동했다. 4-2-3-1 포메이션을 꺼내든 가운데 요나스 우르비히가 골문을 지켰고, 이토 히로키-에릭 다이어-요십 스타니시치-사샤 보이가 백4를 구축했다. 3선에 하파엘 게헤이루와 주앙 팔리냐, 2선에 세르주 그나브리-레온 고레츠카-르로이 사네가 포진했고, 최전방 원톱에 토마스 뮐러가 나섰다. 김민재는 벤치에 앉았다.

이에 맞서는 보훔은 3-5-2 포메이션을 꺼내 들었다. 티모 호른이 골문을 지켰고, 베르나르두-야코프 메디치-팀 외어만이 백3를 구축했다. 미드필더진에는 막시밀리안 비테크-톰 크라우스-이브라히마 시소코-마투시 베로-펠릭스 파슬라크가 포진했고, 최전방 투톱에 기오르고스 마수라스와 필리프 호프만이 나섰다.

전반 14분 뮌헨 하파엘 게헤이루가 선제골을 터트렸다. Getty Images



전반 28분 뮌헨 하파엘 게헤이루가 추가골을 터트렸다. Getty Images



전반 14분 뮌헨의 선제골이 터졌다. 박스 안에서 그나브리가 수비와의 경합 상황에서 넘어졌지만 경기는 그대로 진행됐고, 흐른 공을 게헤이루가 왼발로 마무리하며 선제골을 터트렸다. 이른 시간, 뮌헨이 홈에서 앞서 나갔다.

6분 뒤, 뮌헨이 페널티킥을 얻어냈다. 전반 20분 사네가 뒷공간을 완전히 뚫어내며 박스 안으로 치고 들어갔고, 메디치에 걸려 넘어지며 주심이 페널티킥을 선언했다. 하지만 키커로 나선 그나브리가 시도한 킥은 골대에 맞고 나오면서 성공시키지 못했다.

전반 28분 게헤이루가 멀티골을 터트렸다. 왼쪽에서 이토가 연결한 크로스를 뮐러가 머리에 맞췄고, 게헤이루가 재차 헤더로 마무리하며 추가골을 터트렸다. 뮌헨이 두 골 차로 리드를 벌렸다.

하지만 보훔도 이대로 무너지지 않았다. 전반 31분 코너킥 상황에서 뮌헨 수비가 제대로 처리하지 못하며 흐른 공을 메디치가 오른발 슈팅으로 마무리하며 추격골을 터트렸다.

전반 43분 뮌헨 주앙 팔리냐가 다이렉트 퇴장당했다. Getty Images



후반 6분 보훔 이브라히마 시소코가 동점골을 터트렸다. Getty Images



전반 43분 뮌헨에 퇴장 변수가 발생했다. 팔리냐가 수비하던 중 상대 선수의 다리를 밟는 동작을 가하며 반칙을 범했고, 주심이 곧바로 레드카드를 꺼내며 퇴장을 선언했다. 뮌헨은 남은 시간 동안 10명으로 싸워야 하는 상황에 처했다.

후반 6분 보훔이 경기를 원점으로 돌렸다. 오른쪽에서 파슬라크가 연결한 크로스를 시소코가 헤더로 마무리하며 동점골을 터트렸다.

후반 12분 게헤이루가 해트트릭 기회를 놓쳤다. 그나브리가 순간적으로 패스를 연결하며 게헤이루가 박스 안에서 좋은 기회를 맞았으나 빠르게 시도한 슈팅이 골대 옆으로 향하며 마무리 짓지 못했다.

뮌헨 세르주 그나브리가 아쉬워하고 있다. Getty Images



뱅상 콤파니 뮌헨 감독이 근심에 찬 표정으로 경기를 지켜보고 있다. Getty Images



결국 콤파니 감독이 주전 선수들을 대거 투입했다. 후반 18분 해리 케인과 자말 무시알라, 마이클 올리세와, 콘라트 라이머가 한 번에 투입하며 수적 열세 상황에서 승부수를 띄웠다.

후반 26분 보훔이 경기를 뒤집었다. 왼쪽에서 평범한 크로스가 연결됐지만 다이어가 안일하게 수비하며 제대로 처리하지 못했고, 흐른 공을 마투 베로가 마무리하며 역전골을 터트렸다.

후반 33분 뮌헨의 결정적인 기회가 무산됐다. 오른쪽에서 올리세가 연결한 크로스를 무시알라가 강력한 헤더로 마무리했으나 호른 골키퍼의 놀라운 선방이 나오며 마무리 짓지 못했다.

마지막까지 뮌헨이 필사적으로 동점골을 만들어 내려 했으나 역부족이었다. 결국 그렇게 뮌헨의 2-3 패배로 경기가 종료됐다.

박찬기 온라인기자 chan@kyunghyang.com"
20250309,"'뮌헨 홈 충격패' 韓 뿐만 아니라 현지서도 김민재 소환, ""너 벤치 있으면 안 되겠다""","[OSEN=이인환 기자] ""민재야, 너 쉬면 안 되겠다"".

바이에른 뮌헨은 지난 8일 오후 11시 30분(한국시간) 독일 뮌헨에 위치한 알리안츠 아레나에서 열리는 2024-25시즌 독일 분데스리가 25라운드에서 보훔과 경기서 퇴장 여파로 인해서 2-3으로 역전패를 당했다 이날 패배로 바이에른은 승점 61(19승 4무 2패)에 머물렀다. 반면 강등권이었던 보훔은 승점 20(5승 5무 15패)로 급한 불을 껐다.
이날 뮌헨은 과감하게 로테이션을 가동했다. 팀 수비의 핵심인 김민재를 벤치에 앉혔다. 여기에 파트너 다요 우파메카노에게도 휴식을 줬다. 대신해서 이토 히로키, 에릭 다이어, 요시프 스타나시치, 라파엘 게헤이로가 포백을 형성했다.

김민재에게 휴식을 준 이유는 간단하다. 다음 경기가 유럽축구연맹(UEFA) 챔피언스리그(UCL) 16강 2차전 레버쿠젠전과 2차전이기 때문. 1차전서 3-0으로 승리했다고 해도 2차전이 레버쿠젠 원정이기에 상대적으로 리그서 앞서고 있는 바이에른은 주전 멤버들에게 로테이션을 가동했다.

실제로 경기 전부터 김민재의 휴식 예상이 지배적이었다. 독일 '스카이 스포츠'는 경기를 앞두고서 ""다요 우파메카노, 김민재, 알폰소 데이비스, 레온 고레츠카 등 주전 선수들은 어제 마지막 훈련 세션이 끝나갈 무렵 휴식을 취하면서 발 수비진에 많은 로테이션이 예상된다""라고 전했다.


이번 시즌 내내 혹사 당하고 있던 김민재에게는 꿀맛 같은 휴식. 시즌 내내 아킬레스건 통증을 안고 혹사에 가까운 일정을 소화하고 있는 김민재는 이미 앞서 휴식을 요청한 적이 있으나 팀내 사정으로 인해 계속 경기에 나서야만 했다.

김민재는 지난해 10월 아인트라흐트 프랑크푸르트전에서 부상을 입었고 1월 휴식기까지 진통제를 맞아가며 뛴뛰었다. 그래도 다른 수비수들의 부상이 많아 억지로 나오던 상황에서 히로키나 스타니시치, 다이어 등의 백업이 대신해 선발로 나서면서 쉴 수 있게 됐다.

그러나 김민재의 공백은 엄청났다. 이날 뮌헨은 게헤이로가 전반 14분 선제골을 넣으면서 빠르게 리드를 잡았다. 전반 21분 세르쥬 그나브리가 페널티킥을 실축하긴 했으나 전반 28분 게헤이루가 추가골을 넣으면서 2-0으로 리드를 잡았다.

그러나 수비진이 말썽이었다.  전반 31분 코너킥 상황에서 상대 수비수 메디치를 마크하지 못하면서 만회골을 허용했다. 여기에 팔리냐가 전반 42분 무리한 태클로 인해 다이렉트 퇴장을 당하면서 바이에른은 10명이 뛰게 됐다.


결국 콤파니 감독은 김민재를 비롯한 여러 선수들에게 워밍업을 하게 만들었다. 후반전이 시작하고 나서 10명이 뛴 바이에른은 상대 공세에 크게 밀렸다. 후반 6분 다시 한번 파슬락의 크로스를 시소코가 헤더로 마무리하면서 동점골로 이어졌다. 수적 공백만큼이나 중앙 수비진의 느린 속도가 말썽이었다.

결국 바이에른은 후반 17분 뮐러 대신 케인, 그나브리 대신 무시알라, 사네 대신 올리세, 샤샤 보이 대신 라이머를 투입하면서 총력전에 나섰다.  그러나 후반 26분 베로가 기가 막힌 왼발 슈팅으로 역전골을 터트리면서 보훔이 3-2로 앞서가기 시작했다.

경기는 그대로 김민재 없는 바이에른의 2-3 역전패로 마무리됐다. 이는 바이에른의 리그 첫 홈 경기 패배였다. 페널티킥 실축에 퇴장 악재까지 한 번에 터진 경기이면서 김민재가 빠지면 특유의 강한 압박을 기반으로 한 지배 축구가 불가해지면서 역전을 허용했다.



김민재의 공백이 단 한 경기만에 나타나면서 결국 앞으로 중요 유럽 무대에서 바이에른의 의존도는 더욱 높아졌다. 실제로 경기가 끝나고 현지에서는 수비 문제를 지적하면서 김민재가 그립다는 여론이 지배적인 상태가 됐다.

한 바이에른 팬은 구단 공식 SNS에서 ""(이번 패배는) 김민재의 잘못이다. 출전을 안 했기 때문이다""라고 한숨을 내쉬었다. 다른 팬 역시 ""김민재와 다른 수비수들의 격차가 크다. 수비진에서 망친 경기""라고 강하게 고개를 저었다. /mcadoo@osen.co.kr"
20250309,"[속보]""여름 방출 대상"" 이강인, '박지성 후계자'로 EPL행? 맨체스터 유나이티드 관심 재등장→""PSG 요구 이적료 지불 고려""","사진=트위터 캡처
로이터연합뉴스
[스포츠조선 이현석 기자]최근 파리 생제르맹(PSG)의 여름 방출 후보로 거론된 이강인이 잉글랜드 프리미어리그(EPL)의 이적 관심을 받게 됐다.

스페인의 '스트라이커스'는 8일(한국시각) '맨유가 PSG 선수를 영입하기 위해 이적시장 목표로 하고 있다'라고 보도했다.

스트라이커스는 '맨유는 올 시즌 이후 팀을 강화하길 원하며, 이강인은 맨유가 관심을 가진 선수다. 1월에도 영입될 가능성이 있었으며, EPL 구단들에게 평가를 받기도 했다. PSG는 4000만 유로(약 630억원)를 요구하고 있다고 알려졌고, 맨유는 해당 금액 지불을 고려하고 있다'라고 전했다.

이어 '맨유 외에도 이강인을 원하는 다른 구단들의 관심도 있을 수 있다는 점을 고려해야 한다. 뉴캐슬 또한 이강인을 조건에 맞춰 노리고자 할 수 있다'라고 덧붙였다.

로이터연합뉴스
이강인은 최근 PSG와의 결별 가능성이 거론됐다. 프랑스의 스코어프랑스는 'PSG는 올 시즌 부진한 성적을 보이는 일부 선수들과 여름에 결별할 가능성이 있으며, 그중에는 이강인도 포함되어 있다. 루이스 엔리케 감독의 칭찬에도 불구하고 이강인은 팀을 떠날 수 있다. 엔리케는 그를 선발로 내보내는 것에 어려움을 겪고 있다. 때때로 좋은 모습도 보여주지만, 이강인은 완전히 자신을 납득시키지 못하고 있다. 엔리케 감독도 이강인의 이적을 허락했다'라고 전했다.

프랑스의 풋01은 '이강인과 파리 생제르맹이 올여름 결별하기로 결정했다. 이번 시즌을 끝으로 팀을 떠날 가능성이 매우 높다'며 '올 여름 일부 선수들은 방출 대상이 될 가능성이 크다. PSG 수뇌부는 이강인의 이적을 이미 고려하는 것으로 보인다'라고 전했다.

로이터연합뉴스
이강인은 올 시즌 겨울 이적시장을 기점으로 팀 내 입지가 크게 흔들린 상황이다. 흐비차 크바르츠헬리아가 합류한 후 공격진은 사실상 흐비차, 브래들리 바르콜라, 우스만 뎀벨레로 고정되는 분위기다. 중원도 비티냐, 주앙 네베스가 주전으로 나서고 이강인, 워렌 자이르에메리, 파비안 루이스가 한 자리를 두고 경쟁하는 모양새다. 직전 리버풀과의 유럽챔피언스리그 경기에서는 아예 출전하지 못하며 주전 경쟁에서 크게 흔들렸다.

흔들리는 입지와 함께 이강인의 EPL 이적 가능성이 다시 등장하며, 다가오는 여름 이적시장에서 PSG의 태도와 이강인의 결정에 더 많은 시선이 쏠릴 수밖에 없게 됐다.

로이터연합뉴스
이미 이강인에 대한 EPL의 관심은 지난겨울 이적시장에서도 거론된 바 있다. 아스널, 맨체스터 유나이티드, 뉴캐슬 등이 영입 후보로 이름을 올렸었다. PSG의 판매 의지가 드러난 시점에서 해당 구단들이 다시 관심을 보인다면, 주전 경쟁에서 어려움을 겪고 있는 이강인으로서도 이적이라는 선택지를 더욱 적극적으로 고민할 수 있다.

한편 유럽 외에도 사우디아라비아에서도 이강인에 대한 관심이 등장하기도 했다. 프랑스 풋네이션은 '사우디 알샤밥이 이강인 영입을 강력하게 원한다. 5000만 유로(약 780억원)의 이적료를 제안할 계획'이라고 밝히기도 했다. 다가오는 여름 이강인의 선택에 많은 시선이 쏠릴 전망이다.

이현석 기자 digh1229@sportschosun.com"
20250309,"'대충격' 토트넘 계획 있었다 ""손흥민, 10시즌의 화려한 시간 뒤 토트넘과 결별"" 경기력 저하라고 평가","[사진] ⓒGettyimages(무단전재 및 재배포 금지)
[사진] ⓒGettyimages(무단전재 및 재배포 금지)


[OSEN=우충원 기자] 손흥민(토트넘)의 이적설이 떠올랐다. 

토트넘 홋스퍼 뉴스'는 8일(이하 한국시간) ""손흥민은 토트넘에서 10시즌의 화려한 시간을 보낸 뒤 결별할 수 있다""라고 보도했다.

이어 ""지난 시즌 초 손흥민은 토트넘의 주장으로 임명됐다. 건강할 때는 엔지 포스테코글루 감독 체제의 핵심 선수로 활약했다. 하지만 많은 토트넘 팬들은 그의 경기력이 예전만 못하다는 점을 느끼고 있다""라고 전했다. 

토트넘 훗스퍼 뉴스는 ""32살인 손흥민은 토트넘에서 10번째 시즌을 보내고 있다. 경기력 저하가 문제로 이어지고 있다. 이러한 경기력 저하는 이번 여름 그가 팀을 떠날 수 있다는 추측을 불러일으켰다. 특히 중동 지역 클럽들이 그를 주목하고 있다는 소식이 전해지고 있다""라고 전했다.
또 ""손흥민은 프리미어리그 시대 토트넘 최고 선수 중 한 명이다. 대부분 팬들이 뽑는 올타임 베스트11에 포함될 정도로 뛰어난 활약을 보여줬다. 그러나 이제는 토트넘이 그를 떠나보낼 때가 됐다는 의견도 나오고 있다""라고 밝혔다.

과거 토트넘에서 활약한 제이미 오하라는 ESPN FC를 통해 현재 토트넘 선수단의 각 멤버를 유지할지 매각할지를 묻는 질문에 답했다. 손흥민은 이적 시켜야 한다고 설명했다. 

[사진] ⓒGettyimages(무단전재 및 재배포 금지)
[사진] ⓒGettyimages(무단전재 및 재배포 금지)
특히 오하라는 손흥민과 함께 히샬리송, 티모 베르너, 윌슨 오도베르, 마티스 텔 등 총 11명의 선수가 정리되어야 한다고 강조했다.

토트넘 홋스퍼 뉴스는 ""토트넘은 손흥민을 대체할 만한 선수를 이미 물색 중이다. 해당 선수의 바이아웃 금액도 비교적 낮아 영입 가능성이 높은 것으로 알려졌다. 다만 이렇게 확보된 이적 자금을 다니엘 레비 회장이 현명하게 투자할 것인지는 두고 봐야 할 문제다""라고 분석했다.

기브 미 스포츠는 6일 ""손흥민과 히샬리송의 이탈은 여전히 가능하다. '빅네임 듀오'는 다음 시기를 앞두고 불확실한 미래를 마주했다""라고 보도했다.

이어 ""소식통에 따르면 손흥민은 새로운 시대에 앞서 토트넘을 떠나는 유명 선수 중 한 명이 될 수 있다. 토트넘은 긴 트로피 가뭄을 끝내기 위해 가장 강력한 베스트 11을 업그레이드할 계획을 세웠기 때문""이라고 전했다.

[사진] ⓒGettyimages(무단전재 및 재배포 금지)
[사진] ⓒGettyimages(무단전재 및 재배포 금지)


손흥민의 계약은 2026년 여름 만료된다. 기브 미 스포츠는 ""손흥민은 토트넘이 1년 연장 옵션을 발동했음에도 불구하고 올여름 계약의 마지막 12개월을 맞이하게 된다. 토트넘은 이적시장에서 손흥민에 대한 제안을 받게 될 시 그의 판매를 승인할 수 있는지 여부를 검토하고 있다""라고 설명했다.

토트넘은 올 시즌 도중 손흥민과의 계약을 연장했다. 원래 계약은 오는 6월까지였으나, 구단이 1년 연장 옵션을 행사하면서 계약 기간이 2026년 6월까지 늘어났다. 하지만 계약 연장 이후 손흥민은 점점 비판의 대상이 되었다.

현지에서는 손흥민의 에이징 커브를 언급하며 경기력과 리더십에 의문을 제기했다.

토트넘 팬 커뮤니티 스퍼스 웹은 ""몇 달 전만 해도 토트넘이 손흥민을 매각한다는 생각은 상상조차 할 수 없었다. 주장이자 구단의 얼굴이기 때문이다. 그러나 그 이후로 상황이 달라졌다. 이번 시즌 최고치를 달성하는 데 어려움을 겪고 있고, 토트넘은 그에게 새로운 계약을 제안하지 않고 있다""라고 밝혔다.
[사진] ⓒGettyimages(무단전재 및 재배포 금지)
[사진] ⓒGettyimages(무단전재 및 재배포 금지)

이어 ""1년 연장 옵션만 활용하면서 그의 계약은 내년 여름에 끝난다. 현지에서는 토트넘이 괜찮은 제안을 받을 경우 손흥민을 현금화하는 걸 고민하고 있다는 보도가 나왔다""라고 덧붙였다. / 10bird@osen.co.kr"
20250309,"EPL 사상 최초 사건 벌어지나...""포스테코글루, 해고와 PL 감독상 수상 동시에 일어날 수도""","(MHN스포츠 권수연 기자) 토트넘 홋스퍼를 이끄는 엔지 포스테코글루 감독은 현재 경질설에 진하게 맞닿아있다.

동시에 잉글랜드 프리미어리그(EPL) 2월의 감독상을 수상하게 됐다. 아이러니한 상황이다.

영국 매체 '기브미스포츠'는 지난 8일(한국시간) ""(토트넘 전담 언론인) 찰리 에클셰어에 의하면 토트넘은 포스테코글루 감독이 EPL 이달의 감독상을 받는 당일에 해고할 수 있다""고 보도했다.

매체는 ""포스테코글루 감독은 유럽축구연맹(UEFA) 유로파리그에서 AZ 알크마르에게 0-1로 충격패한 이후 다시 한번 압박감을 느끼고 있다""고 덧붙였다.



토트넘은 지난 7일 네덜란드 알크마르 AFAS 스타디온에서 열린 24-25시즌 유럽축구연맹(UEFA) 유로파리그 16강 1차전에서 AZ 알크마르에 0-1로 패했다.

이 패배로 토트넘은 8강 진출에 적신호가 켜졌다. 앞서 토트넘은 카라바오컵과 FA컵에서 연달아 미끄러졌다. 이제 마지막 남은 기회는 2차전 단 한 번이다. 하지만 남은 2차전 승리 역시 장담할 수 없는 상황이다.

토트넘은 시종일관 끌려가는 경기를 펼쳤다. 엔지 포스테코글루 감독은 주특기인 압박 전술을 밀어붙였지만 선수들은 고전하기만 했다. 전반 18분에 루카스 베리발이 터뜨린 자책골이 패배의 하이라이트였다. 부상에서 겨우 회복된 도미닉 솔랑케는 상대 선수와 부딪혀 부상이 재발했다. 악재의 연속이다.

엔지 포스테코글루 토트넘 감독 


포스테코글루 감독은 경기 후 인터뷰를 통해 ""우리는 경기의 어떤 부분도 제대로 파악하지 못했다. 공을 가지고 있을땐 집중력이 없었고 공이 없을 땐 공격적이지도 못했다. 그 덕분에 알크마르에 흐름을 넘겼는데 원정경기에선 이를 뺏어오기가 어렵다""고 토로했다.

그런데 바로 이 날 EPL 사무국은 엔지 포스테코글루 감독을 2월 이달의 감독으로 선정했다. 동시에 선두 리버풀을 이끄는 아르네 슬롯, 에버튼의 데이비드 모예스, 풀햄 마르코 실바, 크리스털 팰리스의 올리버 글라스너 감독이 나란히 이름을 올렸다.



포스테코글루 감독이 선정된 이유는 리그 한정 3연승 기록을 세웠기 때문이다. 2월 24라운드 브렌트포드전 승리, 맨체스터 유나이티드전 승리, 입스위치전 승리를 거뒀다. 시즌 초 5연패 태풍이 지나간 후 일어선 기록이기에 호평을 받은 것으로 보인다.

하지만 2월에 한정된 리그 연승과는 별개로 현재 토트넘의 순위는 보잘것 없는 수준이다. 

현재 토트넘은 10승3무14패, 승점 33점으로 리그 13위에 머물러있다. 토트넘은 올 시즌 중후반을 지나며 13~15위를 오르락내리락하는 중이다.

토트넘 다니엘 레비 회장


'기브미스포츠'는 이를 두고 ""다니엘 레비 구단주는 1월에 마티스 텔을 포함해 3명 영입으로 포스테코글루 감독을 지원했다. 하지만 네덜란드에서 흔들린 팀과 함께 돌아온 엔지 포스테코글루 감독에게 다시 압박이 가해지고 있다""고 설명했다.

토트넘의 우승 기회는 가감없이 단 한번 뿐이다. AZ 알크마르와 유로파리그 2차전을 이기지 못하면 주장 손흥민은 이대로 트로피 한번 들지 못하고 커리어 황혼기를 보낼 수도 있다.

에클셰어는 이를 두고 ""포스테코글루 감독은 알크마르와의 유로파리그 2차전을 치른 후 곧장 해고되고, 같은 날 프리미어리그 이달의 감독상을 수상할 수도 있다""고 말했다. 만일 실현된다면, 리그 사상 전무후무한 사례로 남을 예정이다. 하지만 토트넘은 일전에 비슷한 사례를 한번 더 만든 적이 있다. 바로 전직 감독인 누누 에스피리토 산투 감독이다.

누누 에스피리토 산투 전 토트넘 감독  


지난 2021년 7월 부임한 누누 감독은 리그 단 10경기만에 성적 부진으로 경질됐다. 그는 그 해 11월에 경질될 운명이었지만 3개월 전인 8월에 감독상을 수상한 바 있다. 

한 팬은 이를 두고 ""클럽을 15시즌만에 가장 낮은 순위로 넘어뜨린 포스테코글루 감독이 대체 어떻게 자리를 지킬 수 있는지 궁금하다""고 불만을 표했다. 

토트넘은 한국시간으로 오는 14일 AZ 알크마르와 유로파리그 2차전 경기에 나선다. 포스테코글루 감독은 1차전 패배 후 더 적극적인 공격성을 강조했다. 홈 구장의 이점을 충분히 살릴 수 있지만 전술적 면에서도 분명 개선이 필요한 시점이다.

한편 토트넘은 9일 오후 11시에 영국 런던 토트넘 홋스퍼 스타디움에서 본머스와의 24-25시즌 EPL 경기에 나선다. 

사진= MHN스포츠 DB, 연합뉴스, EPL, 게티 이미지"
20250309,"‘최악의 영입’ 일본 DF, 또 ‘대형사고’ 쳤다!…“빌어먹을 골칫거리” 결국 팬들 분노","[골닷컴] 이정빈 기자 = 지난해 여름 사우스햄튼으로 이적한 스가와라 유키나리(24)가 잉글랜드 프리미어리그(EPL)에서 심각한 부진에 빠졌다. 그는 리버풀과 경기에서 페널티 킥을 헌납하며 패배 주범이 됐다.

스가와라는 9일 자정(한국 시각) 리버풀에 있는 안필드에서 열린 EPL 28라운드 리버풀과 원정 경기에 교체 출전했다. 스가와라가 교체 출전 후 페널티 킥을 헌납한 가운데, 사우스햄튼은 리버풀 원정에서 선제골을 넣고도 1-3으로 패했다.

이날 스가와라는 후반 19분 알베르트 그뢴베크(23)와 교체되어 잔디를 밟았다. 이반 유리치(49·크로아티아) 사우스햄튼 감독은 스가와라를 투입해 측면 공격을 더욱더 활용하려는 계획이었다. 그러나 유리치 감독의 변화는 리버풀에 통하지 않았다. 교체 투입된 스가와라는 공수에게 모두 뚜렷한 모습을 보여주지 못했다.

오히려 후반 33분 자기 진영에서 상대와 경합하는 도중 핸드볼 반칙을 저지르며 페널티 킥을 내줬다. 스가와라가 내준 페널티 킥을 모하메드 살라(32)가 깔끔히 처리하면서 리버풀이 차이를 2점으로 벌렸다. 전의를 상실한 사우스햄튼은 결국 안필드 원정에서 리그 4연패 수모를 당했다.



경기 후 영국 공영방송 ‘BBC’는 스가와라에게 평점 4.43점을 매겼다. 경기를 뛴 선수 중에서 가장 낮은 점수였다. 스가와라는 리버풀을 상대로 26분 동안 패스 성공 10회(성공률 91%), 걷어내기 1회 정도를 제외하면 긍정적인 기록을 남기지 못했다. 크로스, 드리블, 기회 창출, 태클 등 중요한 지표들은 찾아볼 수 없었다.

이번 시즌 스가와라는 EPL에서 1,000분 이상 뛴 풀백 중 가장 낮은 평점을 기록하고 있다. 축구 통계 매체 ‘후스코어드’에 따르면 스가와라의 평점은 6.23점이다. 포지션을 전체로 놓고 봐도 리그에서 스가와라보다 낮은 평점을 기록 중인 선수는 카메룬 아처(23·사우스햄튼·6.15)와 아치 그레이(18·토트넘·6.19) 2명뿐이다.

결국 스가와라에게 지친 사우스햄튼 팬들은 소셜네트워크서비스(SNS)를 통해 “스가와라는 빌어먹을 골칫거리다. 경기마다 어김없이 실점을 내준다”, “스가와라가 또 실수했다”, “놀랍지도 않다” 등 부정적인 반응을 보였다.

일본 국가대표인 스가와라는 나고야 그램퍼스, AZ 알크마르를 거쳐 사우스햄튼 유니폼을 입었다. 그는 드리블과 크로스 능력이 탁월하다는 평가를 받는 라이트백으로, 네덜란드 에레디비시에서 2시즌 연속 두 자릿수 공격 포인트를 달성하기도 했다. 이러한 활약을 바탕으로 EPL 무대에 도전했지만, 높은 수준에 고전하고 있다.

사진 = 사우스햄튼, 게티이미지"
20250309,"도대체 김민재 어떻게 밀어냈지... '최악 수비' 다이어, 강등권 상대 최하 평점 오명 ""여름 방출 확정""","[스타뉴스 | 박건도 기자]
김민재(왼쪽)와 에릭 다이어. /AFPBBNews=뉴스1
도대체 김민재(29·바이에른 뮌헨)와 주전 경쟁에서 어떻게 이긴 것일까. 모처럼 선발 기회를 잡은 에릭 다이어(32)가 최악의 수비력을 보이며 무너졌다.

뮌헨은 8일 오후 11시 30분(한국시간) 독일 뮌헨의 알리안츠 아레나에서 열린 2024~2025시즌 독일 분데스리가 25라운드에서 보훔에 2-3으로 졌다.
충격적인 패배다. 분데스리가 단독 선두 뮌헨은 강등권인 보훔에 내리 3실점 하며 패배했다. 올 시즌 두 번째 패배다. 뮌헨은 25경기 19승 4무 2패 승점 61을 기록했다. 불행 중 다행으로 우승 경쟁 중인 바이어 레버쿠젠도 베르더 브레멘에 패배했다.

이번 경기에서 김민재는 벤치 명단에 이름을 올렸지만, 끝내 그라운드를 밟지는 않았다. 독일 매체 '바바리안 풋볼 워크스' 등에 따르면 김민재는 아킬레스건 부상으로 고전했다. 약 두 달을 통증을 참고 뛰었다.

바이에른 뮌헨과 보훔의 경기 평점. 5점을 받은 에릭 다이어(오른쪽 위). /사진=바이에른 앤 저머니 사회관계망서비스(SNS)
김민재 대신 중앙 수비수로 나선 다이어는 최악의 경기력을 선보였다. 올 시즌 최소 실점에 빛나는 뮌헨은 최하위권 보훔에 무려 세 골을 내주는 굴욕을 맛봤다.

현지 매체도 다이어의 경기력을 신랄하게 비판했다. 특히 독일 '빌트'는 보훔전 풀타임을 뛴 다이어에 평점 5를 줬다. '빌트'는 1점부터 5점까지 점수를 부여한다. 숫자가 높을수록 혹평이다.

오른쪽 측면 수비수 샤샤 보이는 이례적으로 6점을 받았다. 센터백 다이어와 레프트백 이토 히로키가 5점을 기록했다. 전반전 도중 악의적인 파울로 퇴장당한 중앙 미드필더 주앙 팔리냐도 최하 점수인 5를 적어냈다.

빈센트 콤파니 뮌헨 감독은 보훔전에서 힘을 확 뺐다. 주전 공격수인 해리 케인과 마이클 올리세, 자말 무시알라 모두 벤치에서 경기를 시작했다. 핵심 골키퍼 마누엘 노이어는 레버쿠젠과 유럽축구연맹(UEFA) 챔피언스리그(UCL) 경기에서 부상으로 빠졌다. 유망주 수문장 요나스 우르비히가 보훔전 골문을 지켰다.

전반전 분위기는 뮌헨이 좋았다. 하파엘 게헤이루가 멀티골을 터트리며 두 골 차 리드를 잡았다. 보훔은 31분 야콥 메디치의 추격골로 한 골 따라잡았다.

김민재(왼쪽)가 상대 선수와 몸싸움하고 있다. /AFPBBNews=뉴스1
팔리냐가 찬물을 끼얹었다. 43분 다이렉트 레드카드를 받고 경기장을 떠났다.

수적 열세에 몰린 뮌헨은 보훔에게 연달아 두 골을 더 내줬다. 후반 6분 이브라히마 시소코가 높게 뜬 크로스를 머리로 마무리했다. 뮌헨은 올리세, 무시알라, 콘라트 라이머, 케인을 급히 투입하며 변화를 꾀했다.

하지만 수비 불안은 계속됐다. 끝내 뮌헨은 결승 실점까지 허용하며 패배했다. 마투스 베로의 왼발 슈팅이 오른쪽 골문 구석을 갈랐다. 상대의 슈팅 당시 뮌헨 수비진은 멀뚱히 쳐다볼 뿐이었다.

분명 지난 시즌 뮌헨 주전 센터백은 다이어였다. 김민재가 다어의 백업 역할을 했다. 덕분에 다이어는 뮌헨 임대 선수에서 완전 이적 계약까지 따냈다.

하지만 올 시즌 다이어는 뮌헨의 방출 명단에 올랐다. 독일 유력지 '빌트'도 ""다이어의 여름 방출은 확정적이다""라고 시사했다.

에릭 다이어. /사진=바이에른 뮌헨 공식 SNS"
20250309,"보석을 못 알아보다니! 클롭의 폭탄 발언 ""SON 영입 안 한 것 미친 듯 후회""","[OSEN=노진주 기자] 위르겐 클롭 리버풀 전 감독(57)이 과거 손흥민(33, 토트넘)을 영입하지 않았던 결정을 후회했다.

영국 매체 'TBR 풋볼'은 8일(한국시간) ""클롭 감독은 손흥민이 (레버쿠젠에서) 2200만 파운드(약 412억 원)에 토트넘으로 이적할 당시 그를 (도르트문트로) 데려오지 않은 것을 후회한다고 말했다""라고 들려줬다.

이 매체는 ""클롭 감독은 여러 차례 중요한 영입 기회를 놓쳤다. 리버풀은 그의 지도 아래 모이세스 카이세도와 계약을 체결할 뻔했으나, 그는 첼시로 향했다. 주드 벨링엄 또한 리버풀의 핵심 타깃이었지만 레알 마드리드로 이적했다""라며 ""클롭 감독이 영입을 놓친 선수 중에는 손흥민도 있었다. 그는 도르트문트를 이끌던 시절 손흥민과 계약할 기회가 있었다. 그러나 이를 살리지 못했다""라고 설명했다.

클롭 감독은 마인츠(2001~2008년)와 도르트문트(2008~2015년)를 거친 뒤 리버풀(2018~2024년)을 맡아 프리미어리그 우승과 챔피언스리그 우승을 차지한 명장이다. 현재 그는 감독직에서 물러나 레드불 그룹에서 행정가로 활동 중이다.



클롭 감독이 놓친 선수들 중에는 손흥민뿐만 아니라 사디오 마네(알 나스르), 케빈 더 브라위너(맨체스터 시티) 등도 있다. 

클롭 감독은 최근 남아프리카공화국에서 열린 후트베이유나이티드 풋볼커뮤니티 10주년 행사에서 ""(내가 도르트문트를 이끌 때) 손흥민을 영입할 수도 있었다. 아마 당시 그는 함부르크에서 뛰고 있었다. 왜 영입하지 않았는지 기억조차 나지 않는다. 그러나 (리버풀로 이직한 뒤) 프리미어리그에서 손흥민을 상대하면서 ‘이런 바보 같은 짓을!’이라고 생각했다. 정말 실수였다""라고 말했다.

더 브라위너 역시 클롭 감독이 놓친 선수 중 한 명이었다. 그는 ""도르트문트 팬들에게 다시 말하고 싶다. 우리는 더 브라위너 영입에 매우 가까웠다. 그러나 그는 볼프스부르크로 갔고, 컵대회 결승에서 우리를 무너뜨렸다. 두 번이나 충격을 받았다""라고 전했다.



손흥민이 과거 리버풀과 연결된 적이 있다는 보도도 있다. 

영국 '텔레그래프'는 2022년 손흥민의 거취에 대한 보도를 내놓았다. 당시 토트넘이 챔피언스리그 진출에 실패했다면 손흥민이 이적을 고려했을 가능성이 높았다는 것이다. 하지만 토트넘은 안토니오 콘테 감독 체제에서 극적으로 프리미어리그 4위를 차지했고, 손흥민도 23골을 넣으며 아시아 선수 최초로 득점왕에 올라 잔류로 기류가 바뀌었다. 리버풀은 다르윈 누녜스를 영입하는 것으로 선회했다.

'TBR 풋볼'은 ""손흥민은 클롭 감독 체제에서 왼쪽 날개나 중앙 공격수로 완벽한 역할을 수행했을 것""이라며 ""하지만 클롭 감독은 손흥민을 지도할 기회를 얻지 못했다. 만약 함께했다면 최상의 조합이 됐을 것""이라고 평가했다.



한편 현재 손흥민의 미래는 불투명하다. 그의 계약은 2026년 여름 만료되지만 재계약 소식은 들려오지 않는다. 토트넘은 다년 계약을 제안하지 않고 1년 연장 옵션만 발동했다. 최근 토트넘의 부진과 맞물려 손흥민의 이적설도 계속 나오고 있다.

'기브 미 스포츠'는 ""손흥민과 히샬리송의 미래가 불확실하다. 토트넘은 트로피 가뭄을 끝내기 위해 스쿼드를 개편할 계획이다. 손흥민이 떠날 가능성도 있다""라고 보도했다.

또한 ""토트넘이 손흥민의 계약 마지막 12개월을 앞둔 만큼 이적 제안이 들어올 경우 판매 여부를 검토할 것이다""라고 덧붙였다. /jinju217@osen.co.kr

[사진] ⓒGettyimages(무단전재 및 재배포 금지)"
20250309,"제정신인가? 토트넘 팬, '10골 10도움' SON 대체자로 '0골 1도움 윙어' 요구...英 대표 출신도 '동의'","손흥민, 잭 그릴리시./게티이미지코리아
잭 그릴리시./게티이미지코리아

[마이데일리 = 노찬혁 기자] 토트넘 홋스퍼의 한 팬이 충격적인 주장을 내놓았다. 잭 그릴리시(맨체스터 시티)를 손흥민의 대체자로 언급했다.

토트넘 소식을 다루는 '스퍼스웹'은 8일(이하 한국시각) ""한 토트넘 팬은 한 토트넘 팬은 여름 이적시장에서 손흥민을 대체할 완벽한 인물이 될 수 있다고 믿고 있다""고 보도했다.

손흥민은 2015년 토트넘에 입단한 뒤 10번째 시즌을 보내고 있다. 그러나 올 시즌 손흥민은 유독 심하게 비판을 받고 있다. 공식전 10골 10도움을 기록하며 나쁘지 않은 성적을 냈으나 기대에 미치지 못한다는 평가를 받고 있다.

토트넘은 올 시즌 계약 연장 옵션을 발동하며 2026년 6월까지 손흥민을 붙잡아뒀지만 현지에서는 '에이징커브'를 주장하며 대체자를 구해야 한다고 주장하고 있다. 영국 '기브미스포츠'는 세대 교체 1순위로 손흥민을 꼽았다.
손흥민/게티이미지코리아

최근에는 이적설까지 흘러나오고 있다. 알 힐랄과 알 이티하드는 4140만 파운드(약 750억원)를 준비했고, 맨체스터 유나이티드도 영입에 관심을 드러냈다. 현재 가장 유력한 행선지로는 바이에른 뮌헨이 언급되고 있다.

손흥민도 토트넘과의 결별을 고려하고 있는 것으로 전해졌다. 영국 '더 타임즈'는 지난달 26일 ""토트넘은 손흥민이 팀에서 은퇴하길 바라지만 7월이 되면 1년밖에 남지 않는 계약을 연장하도록 설득하지 못했다""고 밝혔다.

토트넘의 경우 손흥민을 보낸다면 대체자를 구해야 한다. 현재 토트넘 구단에서는 손흥민의 대체자로 마티스 텔과 마이키 무어, 양민혁 등이 있지만 손흥민의 공백을 메우기에는 역부족이라는 평가가 주를 이루고 있다.
토트넘 홋스퍼 손흥민./게티이미지코리아

그러나 여기서 황당한 주장이 등장했다. 영국 '토크스포츠'에 따르면 토트넘 한 팬은 ""손흥민은 예전만큼 뛰어나지 않다. 조금 더 나은 선수가 필요하다고 생각하고 그릴리시가 손흥민을 대체할 사람이라고 생각한다""고 밝혔다.

'스퍼스웹'은 ""토트넘이 최근 몇 달 동안 그릴리시를 영입하려고 한다는 소문이 돌면서 이 이야기는 완전히 터무니없는 것은 아니다""라고 언급했다.

과거 토트넘에서 뛰었던 잉글랜드 국가대표 대런 벤트는 ""손흥민이 평소만큼 활약을 보여주지 못하고 있다는 사실은 숨길 수 없다. 이는 나이가 들면서 나타나는 현상이다. 그릴리시는 29살이고 믿을 수 없을 정도로 건강해 보인다""며 토트넘 팬의 주장에 힘을 실었다.

그릴리시는 올 시즌 최악의 부진에 빠졌다. 그릴리시는 26경기 2골 5도움을 기록 중이다. 그릴리시는 1995년생으로 손흥민보다 3살 정도 어리지만 2골 5도움을 기록한 선수가 10골 10도움을 기록 중인 손흥민을 대체할 수 있을지 의문이다."
20250309,"[속보]'다음 시즌 우승 예고!'...그리즈만-로드리-오블락 터트린 '황금손', EPL 입성한다→이적시장 1티어 기자도 ""합의 완료""","로이터연합뉴스
로이터연합뉴스
[스포츠조선 이현석 기자]아틀레티코 마드리드에서 엄청난 선수 발굴 안목을 보여줬던 안드레아 베르타 디렉터가 잉글랜드 프리미어리그(EPL)에 입성한다.

유럽축구 이적시장 최고의 공신력을 자랑하는 글로벌 스포츠 언론 디애슬레틱 소속 데이비드 온스테인 기자는 9일(한국시각) '베르다가 아스널의 새로운 스포츠 디렉터가 되기로 합의했다'라고 보도했다.

온스테인은 '베르타는 아틀레티코 마드리드에서 10년 넘게 활약한 후 1월에 팀을 떠났다. 에두 가스파르의 대체자로 아스널이 고려한 옵션 중 한 명이었다. 베르타는 다른 팀들보다 아스널 부임 기회를 우선시했다. 아스널도 베르타를 선임하기도 결정했고, 계약은 마무리되는 중이다'라고 전했다.

로이터연합뉴스
은행원 출신으로 알려진 베르타는 이탈리아 무대에서 파르마, 제노아 등을 거치며 능력을 기른 인물이다. 2013년 아틀레티코의 테크니컬 디렉터로 선임되며 본격적으로 유럽 무대에서 스카우팅 능력을 인정받기 시작했다.

아틀레티코에서 2013년부터 2025년 1월까지 활동한 베르타는 해당 기간 아틀레티코로 영입한 선수들이 화려하다. 아틀레티코의 '리빙 레전드' 앙투안 그리즈만을 시작으로 로드리, 루이스 수아레스, 얀 오블락, 디에고 코스타, 페르난도 요렌테, 키어런 트리피어, 스테판 사비치, 로드리고 데폴, 코너 갤러거, 마테우스 쿠냐, 훌리안 알바레스까지 엄청난 영입들을 성사시켰다.

로이터연합뉴스
아스널은 지난해 11월 에두 가스파르 디렉터가 노팅엄 포레스트 구단주 에반젤로스 마리나키스로부터 제안을 수용하며 팀을 떠난 이후 제이슨 아이토 체제로 운영 중이었다. 대체자를 마련하기 위해 구단 수뇌부는 후보 검토 절차에 돌입했었다. 베르타 외에도 뉴캐슬과 맨유 영입 책임자로 일했던 댄 애스워시, 레알 소시에다드 디렉터 로베르토 올라베 등도 거론됐었다. 그중 베르타가 최종 후보에 올라 아스널과 합의까지 성공한 것으로 보인다.

아스널로서는 디에고 시메오네 감독과 함께 아틀레티코의 황금기를 이끌었던 베르타의 합류가 차기 시즌 우승 도전에 더 긍정적인 영향을 줄 것으로 기대할 전망이다. 베르타 체제에서 아틀레티코는 레알 마드리드, 바르셀로나라는 쟁쟁한 경쟁자들에도 불구하고 라리가 우승 2회, 유로파리그 우승 2회, 유럽챔피언스리그 준우승 2회를 기록했다.

이현석 기자 digh1229@sportschosun.com"
20250309,"""아무도 손흥민 레벨 못 미친다"" 그걸 이제 알았나?...토트넘 팬 일침 ""SON 공백 메우려면 멀었어""","[OSEN=고성환 기자] 토트넘 홋스퍼는 지금 손흥민(33)이 떠나면 그의 빈자리를 메울 수 없다. 이게 현실이다.

토트넘 팬 커뮤니티 '스퍼스 웹'은 7일(한국시간) ""토트넘 윙어들은 손흥민 이후 시대를 책임질 수 있을 정도로 충분히 뛰어날까?""라며 ""토트넘 팬들은 주장 손흥민이 중요한 순간 활약하는 데 익숙해졌지만, 시간이 그를 따라잡았다. 토트넘은 그 없이도 살 준비가 돼 있는지 의문""이라고 보도했다.
현재 손흥민의 미래는 불투명하다. 그의 계약은 2026년 여름 만료된다. 그럼에도 재계약 소식은 여전히 들려오지 않고 있다. 토트넘은 다년 계약을 제안하는 대신 지난 1월 1년 연장 옵션을 발동하는 데 그쳤다.

여기에 손흥민과 팀의 부진까지 겹치자 올여름 매각설도 끊이지 않고 있다. '기브 미 스포츠'는 ""손흥민과 히샬리송은 다음 시대를 앞두고 불확실한 미래를 마주했다. 소식통에 따르면 손흥민은 새로운 시대에 앞서 토트넘을 떠나는 유명 선수 중 한 명이 될 수 있다. 토트넘은 긴 트로피 가뭄을 끝내기 위해 가장 강력한 베스트 11을 업그레이드할 계획을 세웠기 때문""이라고 주장했다.

또한 매체는 ""손흥민은 토트넘이 1년 연장 옵션을 발동했음에도 불구하고 올여름 계약의 마지막 12개월을 맞이하게 된다. 토트넘은 이적시장에서 손흥민에 대한 제안을 받게 될 시 그의 판매를 승인할 수 있는지 여부를 검토하고 있다""라고 전했다.



손흥민이 토트넘에 남더라도 주전으로 뛰기 어렵다는 의견도 많다. '디 애슬레틱'은 ""토트넘은 어느 시점에서 주장과 미래가 어떻게 될지에 관해 어려운 대화를 나눠야 한다. 손흥민은 떠날 때 토트넘 전설로 여겨지겠지만, 그가 완전히 건강한 스쿼드에서 매주 선발로 뛸 수 있을까? 손흥민이 축소된 역할을 받아들일 준비가 돼 있을까?""라고 짚었다.

앞서 영국 '팀 토크'도 비슷한 의견을 내놓았다. 손흥민이 다음 시즌 토트넘에 남아도 주전으로 뛰긴 어렵다는 것. 매체는 ""손흥민은 7월에 만 33세가 되며 전반적으로 하락세를 걷고 있다. 그는 라커룸에서 여전히 큰 인기를 끌고 있다""라며 ""포스테코글루가 여전히 토트넘 감독을 맡고 있다고 가정할 때 손흥민은 좋은 로테이션 선수가 될 수 있다""라고 전했다.

심지어 주장 완장까지 반납해야 한다고 주장했다. 매체는 ""그러나 토트넘은 계획대로 되지 않으면 경기에서 무너지는 경향이 있다. 앞으로 더 나은 경기장 위 리더십이 필요하다. 그렇기 때문에 손흥민은 주장직을 포기해야 한다""라고 얘기했다.

토트넘 감독으로 활동했던 해리 레드냅도 이를 거들었다. 그는 ""손흥민은 좋은 선수지만, 그를 (좋은) 주장으로 볼 수는 없다. 나라면 왼쪽 윙어 손흥민을 주장으로 내세우지 않을 것""이라며 ""그럼 누가 주장에 적합하다고 생각하냐면, 수비수 아치 그레이다. 그는 18살이고, 미친 짓이긴 하다""라고 말했다.





스퍼스웹도 ""손흥민의 토트넘에서 시간이 째깍재깍 흘러가고 있다. 그의 골이 줄어들고, 나이가 들면서 논쟁이 격화되고 있다""라며 ""손흥민은 만 32세다. 그의 하락세는 분명해졌다. 후계자에 대한 논의가 이미 시작됐다""라고 손흥민과 작별이 다가오고 있다고 짚었다.

현재 토트넘에는 젊은 윙어들이 여럿 있다. 2004년생 윌손 오도베르가 지난해 여름 새로 합류했고, 2007년생 유망주 마이키 무어도 있다. 지난 겨울 이적시장에선 2005년생 마티스 텔까지 임대로 가세했다. 2006년생 양민혁도 퀸즈파크레인저스 임대를 통해 경험을 쌓고 있다.

하지만 이들 중 한 명이라도 당장 손흥민을 대체할 수 있을지는 미지수다. 미래가 기대되는 자원인 건 맞지만, 냉정하게 봤을 때 1군 무대에서 아직 보여준 게 없기 때문. 프리미어리그 상위권을 꿈꾸는 팀에서 주전으로 뛸 자격이 있는지는 미지수다.

무엇보다 손흥민은 지난 10년 동안 토트넘에서 엄청난 활약을 펼쳤다. 그는 토트넘 유니폼을 입고 400경기 넘게 뛰면서 172골 94도움을 기록했다. 지난 시즌부터는 주장 완장까지 차고 팀을 이끌고 있다. 





스퍼스웹도 이 부분을 지적했다. 매체는 ""손흥민이 내일 떠난다면 토트넘은 구단 역사상 가장 위대한 선수가 남긴 공백을 메우기 위해 이 젊은 선수들에게 기대야 할 것이다. 하지만 그들 중 누구라도 손흥민이 한 걸 진정으로 재현할 수 있을까?""라며 ""손흥민은 챔피언스리그 결승전, 카라바오컵 결승전에 출전했으며 수 차례 4위 싸움과 짧았던 두 번의 우승 레이스에서 중요한 역할을 해왔다""라고 강조했다.

또한 스퍼스웹은 ""숫자 외에도 손흥민의 충성심과 신뢰성은 매우 귀중했다. 그는 격동의 시기에도 팀에 남았다. 유럽 빅클럽에서 뛸 수 있는 능력을 갖추고도 이적을 거부했다. 손흥민의 내구성도 놀랍다. 그는 10년 동안 부상으로 단 54경기만 결장했다. 그 덕분에 해리 케인이 결장할 때도 손흥민이 공격 부담을 책임질 수 있었다""라고 덧붙였다.

그런 만큼 손흥민이 떠나면 토트넘의 좌측면엔 커다란 구멍이 생길 수밖에 없다. 매체는 ""현실적으로 토트넘이 지금 손흥민과 결별한다면 현재의 왼쪽 옵션 중 그 누구도 손흥민의 수준에 미치지 못할 것이다. 재능이 없다는 뜻은 아니다. 하지만 그들은 채워야 할 점이 많다""라고 전했다.

끝으로 스퍼스웹은 ""클럽의 전설을 대체해야 하는 어려운 과제다. 손흥민의 이적은 언제가 됐든 토트넘의 한 시대를 마감하는 계기가 될 것""이라며 ""경기장 안팎에서 손흥민의 영향력은 엄청났다. 토트넘은 유망한 젊은 윙어 그룹을 구성했지만, 아직 그의 영향력을 재현하기엔 역부족이다""라고 거듭 강조했다.

/finekosh@osen.co.kr

[사진] ⓒGettyimages(무단전재 및 재배포 금지), TNT 스포츠, 토트넘 뉴스."
20250309,"악! '이미 협상 시작' 맨유, 이제는 중위권 공격수 영입에 쩔쩔…27경기 12골 공격수, 749억 요구하자 난항","[SPORTALKOREA] 박윤서 기자= 맨체스터 유나이티드가 눈높이를 낮춘 듯하다.

프랑스 '겟풋볼뉴스'는 8일(한국시간) ""맨체스터 유나이티드는 장 필립 마테타를 영입하는 데 관심이 있다""라고 보도했다. 이어 또 다른 프랑스 매체 '레퀴프'를 인용해 ""맨유는 크리스털 팰리스의 스트라이커 마테타에 대한 구체적인 관심을 드러냈다. 단 구단은 마테타를 저렴한 가격에 보내지 않을 것이다""라고 전했다.


그러면서 ""맨유는 마테타 영입을 위한 협상을 시작했다. 크리스털 팰리스 구단의 요구는 4,000만 파운드(약 749억 원) 수준일 것이다. 마테타는 2027년까지 계약된 선수다""라고 알렸다.

맨유가 돌아오는 이적시장을 통해 새로운 공격수를 영입한 것이란 주장은 기정사실로 여겨지고 있다. 기존 자원 라스무스 호일룬, 조슈아 지르크지로는 어렵다는 의견이 힘을 얻고 있다.



이미 빅터 오시멘, 빅토르 요케레스 등 시장에 나올 수 있는 다양한 공격수와 연결되고 있다. 그러나 두 선수를 영입하기 위해 엄청난 이적료, 치열한 경쟁 등이 예고된 상황 속에서 눈높이를 낮춘 것으로 보인다.

마테타는 올 시즌 프리미어리그(PL) 내 9번 자원 가운데 손꼽히는 이름이다. 리그 27경기에 출전해 12골 2도움을 기록하며 강한 인상을 남기고 있다.


이는 득점 공동 10위에 해당하는 기록으로 소속팀 크리스털 팰리스가 제한된 기회를 가져가는 팀임을 감안할 때 진가는 더욱 빛난다. 특히 최근 상승세가 엄청나다.

매체는 ""마테타는 올해 살라와 같은 8골을 득점했다. 이번 시즌 공식전 15골을 득점했고 리그에선 12골을 넣은 선수다""라며 마테타가 맨유 구단의 관심을 받고 있다고 언급했다.


다만 맨유가 마테타 영입에 성공할 수 있을지 여부는 미지수다. 아직 구단과의 계약이 제법 남은 데다 크리스털 팰리스의 요구 금액이 명확하기 때문이다. 과거의 맨유라면 4,000만 파운드를 투입하는 데 주저하지 않았을 확률이 높다. 단 현재의 맨유는 지난 수년 동안의 성적 부진과 이적시장 운영 실패로 고생하고 있다.

사진=풋볼인사이더 캡처, 게티이미지코리아

취재문의 sportal@sportalkorea.co.kr"
20250309,"'아스날 레전드' 앙리 ""토트넘 골 응원하는 것이 아니라 손흥민 골 응원한다""","손흥민과 앙리/게티이미지코리아
앙리/게티이미지코리아


[마이데일리 = 김종국 기자] 손흥민과 앙리의 브로맨스가 주목받았다.

손흥민은 8일 골글로벌이 공개한 영상에서 자신의 드림팀 7명을 선정해 이야기했다. 손흥민은 자신의 드림팀 공격수에 호나우두와 앙리를 선택했고 미드필더에는 지단과 호나우지뉴의 이름을 올렸다. 수비수로는 비디치와 네스타를 선택했고 골키퍼에는 반 데 사르의 이름을 올렸다.
영국 매체 TBR은 '손흥민은 자신의 드림팀을 선정했지만 과거나 현재의 토트넘 선수 중 누구도 그 명단에 포함되지 못했다. 손흥민은 케인 대신 아스날의 레전드를 포함시켰다'며 손흥민의 선택에 관심을 드러냈다.

특히 '과거와 현재를 막론하고 아스날과 토트넘 선수가 서로에게 애정을 보이는 것은 흔치 않은 일이지만 손흥민과 앙리는 서로에 대한 엄청난 존경심을 가지고 있다. 손흥민은 케인보다 앙리를 자신의 드림팀에 포함시켜 존경심을 표현했고 앙리도 이전에 손흥민에 대해 열광했다'고 언급했다.

앙리가 손흥민에 대해 언급한 이야기도 주목받았다. 앙리는 지난 2022년 영국 HITC를 통해 ""나는 손흥민을 사랑한다. 손흥민에 대해 이야기하고 싶다. 손흥민은 프리미어리그에서 활약하는 선수 중 영국 전체에서 응원받는 극소수의 선수 중 한 명""이라며 ""나는 손흥민의 득점을 축하하기도 했다. 토트넘의 골을 축하한 것이 아니라 손흥민의 골을 축하했다""고 전했다. 또한 ""모두가 손흥민을 좋아한다. 심지어 상대팀 팬들도 손흥민에게 호감을 가진다. 그런 점은 손흥민이 어떤 사람이라는 것을 말해준다. 손흥민은 그저 좋은 사람""이라고 덧붙였다.

앙리는 1999-2000시즌부터 2006-07시즌까지 아스날에서 활약하며 전성기를 보냈고 2011-12시즌 아스날에서 잠시 임대 활약을 펼치기도 했다. 앙리는 프리미어리그 통산 258경기에 출전해 175골 74어시스트의 맹활약을 펼쳤다. 프리미어리그에서 4번의 득점왕을 차지한 앙리는 아스날에서 두 번의 프리미어리그 우승에 성공했고 2003-04시즌에는 무패 우승을 이끌기도 했다. 아스날을 대표하는 레전드 앙리는 북런던 라이벌 토트넘의 손흥민을 칭찬하는데는 주저하지 않았다.

자신의 드림팀에 앙리를 선택한 손흥민은 ""그냥 나의 드림팀일 뿐이다. 학교를 다닐 때 노트에 항상 드림팀 11명을 적었다. 그 선수들이 내가 가장 좋아하는 선수들""이라는 뜻을 나타냈다.
손흥민/게티이미지코리아"
20250309,"손흥민 이제 그만 보내자…""위대했던 SON, 토트넘에서 시간이 얼마 남지 않았다""","▲ 지난달 FA컵과 카라바오컵에서 탈락하고 프리미어리그에서도 하위권에 머물고 있는 상황에서, 이번 대회는 포스테코글루 감독이 이번 시즌 유일하게 우승을 노릴 수 있는 기회다. 무관 탈출을 누구보다 원하고 있는 손흥민과 다니엘 레비 토트넘 회장 ⓒ곽혜미 기자
▲ 토트넘 소식을 전문적으로 전하는 '토트넘홋스퍼뉴스'도 ""손흥민은 예상보다 훨씬 못 미치는 경기력을 보였다. 상대 박스 안 터치 1회, 드리블 1회 성공밖에 하지 못한 손흥민의 오늘 경기를 보면 최근 그가 왜 비판받는지 알 수 있다""며 평균에 못 미치는 4점을 부여했다.


[스포티비뉴스=조용운 기자] 손흥민(33, 토트넘 홋스퍼)의 득점이 터진지도 한 달이 훌쩍 넘었다. 쉬다 온 경기에서도 힘을 쓰지 못하자 정점에서 내려왔다는 평가가 쏟아지고 있다.

토트넘 정보를 주로 다루는 '스퍼스 웹'이 손흥민의 하락세를 받아들였다. 이 매체는 ""토트넘에서 손흥민의 시간이 얼마 남지 않은 것 같다""며 ""손흥민이 중요한 순간마자 활약하던 모습에 익숙해졌던 토트넘 팬들은 이제 결별을 생각할 때가 됐다""고 바라봤다.

손흥민의 영향력이 줄어들었다. 지난 7일 AZ 알크마르와 펼친 2024-25시즌 유럽축구연맹(UEFA) 유로파리그 16강 1차전에서 해법을 찾지 못하고 후반 도중 교체됐다. 체력 고갈 상태도 아니었다. 직전 맨체스터 시티전에서 20여분만 뛰었고, 일주일 동안 휴식도 취했다.

그런데 손흥민은 알크마르 수비에 묶였다. 장기인 슈팅마저 세 차례 시도했지만 하나도 유효슈팅으로 연결하지 못했다. 패스도 32회 시도해 26번 연결해 81% 성공률에 그쳤고, 드리블 성공률도 33%에 머물렀다. 요즘 물이 올랐던 도움마저 키패스가 하나도 없어 답답함을 가중시켰다.

▲ 팀의 주장 손흥민도 마찬가지였다. 선발출전한 손흥민은 72분 동안 별다른 활약이 없었다. 상대 수비에 고립되며 이렇다 할 장면을 만들지 못했다. 결국 후반 27분, 손흥민은 매디슨, 우도기와 함께 교체되며 경기를 마쳤다. ⓒ연합뉴스/EPA


주장이자 에이스로 불리는 손흥민인데 요즘 풀타임 소화가 좀처럼 없다. 손흥민의 체력을 안배하는 차원의 교체도 있지만 골이 필요한 상황에서도 벤치로 불러들이는 선택도 있어 아쉬움이 크게 남는다.

예전만 못한 손흥민을 보는 제이미 오하라는 또 신나게 두들겼다. 최근 손흥민에게 주장 완장 반납을 요구해 국내 축구팬들에게 화제인 오하라는 알크마르전이 끝나자 혹평을 시작했다. 그는 ""손흥민은 최전방에 있었지만 경기에서는 존재감이 없었다""라고 했다.
손흥민이 반드시 터져줬어야 할 시점이다. 유로파리그는 현재 토트넘이 가장 중요하게 여겨야 하는 무대로, 이럴 때 제몫을 해주는 게 에이스의 숙명이다. 한창 때 손흥민은 이런 기대에 득점으로 부응했다. 그렇기에 2015년 토트넘에 합류하고 지금까지 리빙 레전드로 불리는 이유다.

그동안 해낸 업적이 대단하다. 2021-22시즌 프리미어리그 공동 득점왕(23골), 2020년 국제축구연맹(FIFA) 푸스카스상 등의 영예를 안으며 유럽 축구 무대에서 한국은 물론 아시아를 대표하는 선수로 우뚝 섰다. 프리미어리그 득점왕과 푸스카스상 모두 아시아 선수 최초이자 현재까지 유일한 대기록이다.

▲ 경기 후 손흥민에 대한 평가는 냉혹했다. 축구 전문 통계 매체 '풋몹'은 손흥민에게 6.1점을 부여하며, 자책골을 기록한 베리발(6.0)에 이어 팀 내 두 번째로 낮은 평점을 기록했다. ⓒ연합뉴스/EPA


세계 최고의 프로축구 리그로 꼽히는 프리미어리그에서 2016-17시즌부터 지난 시즌까지 연속해서 두 자릿수 득점을 달성했다. 조력자로도 능력이 탁월해 토트넘 소속 선수로는 역대 가장 많은 도움을 올리기도 했다. 이번 시즌에도 공식전 기준으로는 10골 10도움을 달성해 개인 통산 다섯 번째 10-10을 이뤄냈다.

지금은 갈수록 힘이 빠진다는 설명이다. 스퍼스 웹은 벌써 고별사를 보내는 듯한 일대기를 나열했다. 이 매체는 ""손흥민은 토트넘에서 400경기 이상 출전해 172골을 넣고 92개의 도움을 올렸다. 토트넘을 여러차례 프리미어리그 빅4로도 이끌었다""며 ""기록뿐 아니라 충성심이 아주 대단했다. 빅클럽으로 이적할 기량을 갖추고도 토트넘이 어려울 때면 잔류했다. 헌신도 엄청났다. 10년간 부상으로 결장한 건 고작 54경기다. 해리 케인이 원톱으로 뛰지 못할 때면 공격 부담을 혼자 떠안기도 했다""고 회상했다.

워낙 고점이 높은 손흥민이기에 당장은 대체가 마땅치 않을 수 있다. 스퍼스 웹도 ""손흥민이 떠나면 구단 역사상 가장 위대한 선수의 빈자리를 채워야 한다. 잠재적으로 윌슨 오도베르, 마티스 텔, 마이크 무어, 양민혁 등이 거론되는데 손흥민을 온전히 대체할지 의문""이라고 우려했다.

▲ 손흥민은 알크마르전에서 패스 성공률 81%, 슈팅 3회, 드리블 성공률 33%, 크로스 성공률 50%, 지상 경합 성공률 50%, 공중 볼 경합 성공률 0% 등 전반적으로 저조한 기록을 남겼다. ⓒ연합뉴스/EPA


그러면서도 ""손흥민의 이적은 토트넘의 한 시대를 끝내는 사건이 될 것이다. 그동안 손흥민은 경기장 안팎에서 엄청난 영향력을 보여왔다""면서 ""손흥민이 확실하게 떠나게 될 경우 토트넘은 전설이 남긴 자리를 채워나가야 하는 길이 아주 오래 걸릴 것""이라고 이별을 받아들이기 시작했다.

손흥민과 토트넘은 올해 초 계약을 1년 더 연장하는 옵션을 활성화하는 데 합의했다. 1년 더 동행이 확정됐으나 미래는 불투명하다. 손흥민의 하락세가 피부로 느껴지는 상황이고, 토트넘도 손흥민 이후 시대를 바라보고 있다.

다가오는 여름 이적시장에서 양측이 새로운 도전에 동의할 경우 손흥민이 토트넘을 떠날 가능성이 점쳐진다. 영국 매체 '풋볼 인사이더'는 ""손흥민의 계약은 단지 1년 연장된 것이다. 토트넘은 여름에 손흥민을 현금화할 기회를 확보하기 위해 움직일 수 있다""고 이전부터 경고했었다.

▲ '풋볼 런던'은 ""토트넘의 주장은 선발 출전한 왼쪽 윙어 자리에서도, 후반전 원톱 자리에서도 별다른 영향을 끼치지 못했다. 안쪽으로 파고 들어 높이 날아간 슛 하나가 전부""라며 손흥민에게 팀 내 최저 평점인 3점을 부여했다. ⓒ연합뉴스/REUTERS"
20250309,"양민혁 임대 팀 잘못 골랐나...QPR, '퇴장' WBA에 0-1 패→3연패+14위 추락+인종차별 사건까지","양민혁은 선발 출전해 활약을 했지만 퀸즈파크레인저스(QPR) 부진을 막지 못했다. QPR 부진을 매우 심각한 수준이다.

QPR은 9일 오전 0시(한국시간) 영국 웨스트 브로미치에 위치한 더 허손스에서 열린 2024-25시즌 잉글랜드 풋볼리그 챔피언십(2부) 36라운드에서 웨스트 브로미치 알비온(WBA)에 0-1로 졌다.

선발로 나온 양민혁은 우측 윙어로 나섰다. QPR은 전반 40분 아담 암스트롱에 실점하면서 끌려갔다. 전반 추가시간 다넬 풀롱이 퇴장을 당해 수적 우위를 얻었지만 골이 없었다. 후반 시작과 함께 리안 모리슨, 알피 로이드를 추가하고 카라모코 뎀벨레까지 넣었지만 골이 없었다.

후반 44분엔 양민혁을 빼고 해리슨 애쉬비를 넣었다. 루카스 안데르센까지 투입했지만 골은 없었다. QPR은 0-1로 패하면서 고개를 숙였다.



양민혁은 이날 89분을 소화하면서 터치 36회, 패스 성공률 82%, 크로스 성공 1회(시도 3회), 그라운드 경합 승리 4회(시도 8회), 피파울 2회, 인터셉트 1회, 태클 2회 등을 기록했다. 축구통계매체 '소파스코어'은 양민혁에게 평점은 6.5점을 부여했다.

QPR 최근 부진은 심각하다. 8경기에서 2승 6패다. 최근 3경기에선 모두 졌다. 그러면서 14위까지 떨어졌다. 양민혁이 겨울 이적시장에 올 때만 해도 승격 플레이오프권인 6위 언저리에 위치했으나 이제는 차이가 난다. 6위 WBA가 승점 55점인데 QPR은 44점으로 무려 11점 차이가 난다. 남은 경기 수를 고려했을 때 승격 플레이오프 티켓을 얻기는 어려워 보인다.



경기 후 마르티 시푸엔테스 감독은 ""기회를 만들지 못했다. 스트라이커 4명 중 3명이 없다. 로이드는 선발 출전이 불가했는데 나왔다. 변명이 될 수 없는 건 맞다. 더 많은 기회를 만들어야 하는데 그러지 못했다. 우린 최근 패배가 너무 많다. 8경기 중에서 5~6경기는 근소한 차이로 결과가 결정됐다. 축구는 골을 넣어야 한다. 빨리 제자리로 돌아가기 위해 노력해야 한다""고 결과와 경기력에 대해 불만을 드러내며 분발을 촉구했다.

한편 이날 인종차별 사건이 발생했다. 경기 후 QPR은 구단 홈페이지를 통해 ""WBA전이 열린 더 호손스에서 인종차별 신고가 접수됐다. 전반전에 QPR 선수를 향한 인종차별로 인해 공공 질서 위법 혐의로 웨스트 미들랜드 경찰에 의해 구금됐다. WBA는 해당 팬의 티켓 자격을 정지했다""고 전했다.

그러면서 ""QPR은 직접, 온라인, 또 어떤 형태를 통한 차별을 강력히 비난한다. 이 문제에 대해 당국, WBA와 계속해서 협력할 것이다""고 덧붙였다."
20250309,"""손흥민-텔-존슨 절대 안 돼"" 토트넘, 진짜 SON 뺐다...본머스전 명단 공개→일부 로테이션 가동","[OSEN=고성환 기자] 손흥민(33, 토트넘 홋스퍼)이 벤치에서 출발한다. 주중 열리는 AZ 알크마르전에 대비한 휴식으로 보인다.

토트넘은 9일 오후 11시(이하 한국시간) 영국 런던 토트넘 홋스퍼 스타디움에서 열리는 2024-2025시즌 프리미어리그(PL) 28라운드 홈 경기에서 본머스와 격돌한다.

현재 토트넘은 승점 33(10승 3무 14패)으로 13위에 올라 있다. 본머스는 승점 43(12승 7무 8패)으로 9위다. 본머스로서는 이번 경기에서 승리할 시 순식간에 5위 첼시(승점 46)까지 따라잡을 수 있다.
경기를 앞두고 토트넘의 선발 명단이 공개됐다. 윌손 오도베르-도미닉 솔란케-브레넌 존슨, 이브 비수마-로드리고 벤탄쿠르-파페 사르, 제드 스펜스-케빈 단소-크리스티안 로메로-페드로 포로, 굴리엘모 바카리오가 선발로 나선다.

손흥민은 교체 명단에 이름을 올렸다. 주장 손흥민을 비롯해 부주장 제임스 매디슨, 데인 스칼렛, 마티스 텔, 루카스 베리발, 아치 그레이, 미키 반 더 벤, 데스티니 우도기, 안토니 킨스키가 벤치에서 출격을 기다린다.



로테이션을 택한 엔지 포스테코글루 감독이다. 토트넘은 오는 14일 알크마르와 유럽축구연맹(UEFA) 챔피언스리그(UCL) 16강 2차전을 치르기에 주축 선수들의 체력 안배를 택한 것으로 보인다.

현실적으로 토트넘이 리그 순위에 온 힘을 쏟을 필요성은 적다. 이미 13위까지 추락한 만큼 리그 순위로 다음 시즌 유럽대항전 티켓을 따내기란 불가능에 가깝다. 차라리 올 시즌 우승에 도전할 마지막 기회인 UEL에 집중하는 게 맞다.

다만 토트넘의 분위기는 좋지 않다. 토트넘은 1차전 알크마르 원정에서 최악의 경기력 끝에 0-1로 패했다. 한 골 차이로 패한 게 다행이라는 굴욕적 평가가 나올 정도로 졸전이었다.



토트넘 소식에 정통한 존 웬햄은 이날 선발로 나섰던 '손흥민-텔-존슨' 트리오를 강하게 비판하며 이들을 본머스전 벤치에 앉혀야 한다고 주장하기도 했다. 그는 ""그 선수들이 함께 플레이하는 건 여기까지일 것이다. 지금까지 몇 번 봤지만, 효과가 없었다. 11명을 상대로 8명을 선발로 내세우는 것과 같다""라고 지적했다.

실제로 손흥민과 텔은 이날 벤치에서 출발한다. 존슨 홀로 우측 윙어로 선발 출격하고, 오도베르와 솔란케가 각각 손흥민과 텔의 빈자리를 대신하게 됐다.

토트넘으로서는 이번 경기 승리를 통해 분위기를 바꿔야 한다. 손흥민과 매디슨 등 일부 선수들이 선발에서 빠지긴 했지만, 로메로가 3달 만에 복귀한 데다가 부상이 의심됐던 솔란케도 선발 복귀했다. 

/finekosh@osen.co.kr

[사진] ⓒGettyimages(무단전재 및 재배포 금지), 토트넘 홋스퍼 소셜 미디어."
20250309,맨체스터 유나이티드 ‘초비상’… ‘80골·24도움’ 폭격기 영입 가능성 ↓,"[골닷컴] 이정빈 기자 = 다가올 여름 이적이 점쳐지는 빅토르 요케레스(26·스포르팅)가 맨체스터 유나이티드가 아닌 타 구단으로 이적할 거로 보인다. 맨유는 요케레스를 두고 경쟁하는 팀이지만, 부진한 성적 탓에 영입 가능성이 급격하게 줄었다.

유럽축구 이적시장 전문가 파브리시오 로마노 기자는 8일(한국 시각) 개인 유튜브를 통해 “요케레스는 1억 유로(약 1,572억 원)가 아닌 6,500만 유로(약 1,022억 원)에서 7,500만 유로(약 1,179억 원) 사이 이적료로 스포르팅을 떠날 거다. 이는 선수를 향한 구단의 예우다”라며 “정상급 구단들이 요케레스에게 관심이 있다. 다만 맨유의 경우, 이적료와 유럽 대항전 진출 여부에 달렸다”라고 전했다.
맨유는 시즌 초반부터 요케레스 영입에 관심을 드러냈다. 이들은 최전방에 위치한 조슈아 지르크지(23)와 라스무스 호일룬(22)이 심각한 부진에 빠지면서 최전방 보강에 열을 올릴 계획이다. 문제는 부진한 성적으로 일부 선수가 이적을 꺼릴 수 있다는 전망이 떠올랐다. 요케레스 역시 유럽 대항전으로 나서는 구단으로 가고 싶은 마음을 내비친 거로 알려졌다.

이번 시즌 맨유는 잉글랜드 프리미어리그(EPL) 15위에 그치며 리그 출범 후 가장 좋지 않은 시즌을 보내고 있다. 리그에서 유럽 대항전 진출권을 확보하는 건 사실상 무리인 가운데, 유럽축구연맹(UEFA) 유로파리그(UEL) 우승이 가장 가능성 있는 방법이다. 다만 레알 소시에다드와 16강 1차전에서 비기는 등 순탄치 않은 행보를 보였다.



맨유가 어려움을 겪는 와중에 타 구단들이 요케레스를 더욱더 면밀하게 관찰하고 있다. 현재 리버풀, 아스널, 첼시, 바이에른 뮌헨, 파리 생제르맹 등 유럽 엘리트 구단들이 요케레스의 동선을 살피고 있다. 스포르팅이 요케레스를 방출 허용 금액(바이아웃) 조항보다 낮은 이적료로 보내기로 하면서 경쟁 팀들이 미소를 지었다.

로마노 기자는 “유럽의 모든 빅 클럽들이 요케레스를 영입하려고 한다. 이들은 6,500만 유로에서 7,500만 유로면 요케레스를 영입할 수 있다는 정보를 받았다”라며 “많은 구단에서 문의를 남긴 가운데, 이들은 요케레스에게 프로젝트를 제시할 준비가 됐다. 무슨 일이 일어날지 지켜봐야 한다”라고 덧붙였다.

스웨덴 국가대표인 요케레스는 브롬마포이카르나를 시작으로, 브라이튼, 장크트파울리, 스완지 시티, 코번트리 시티 등 다양한 팀에서 경험을 쌓았다. 2023년 여름 스포르팅으로 이적한 그는 이곳에서 경이로운 득점 감각을 내뿜으며 단숨에 세계적인 선수로 거듭났다. 요케레스는 스포르팅 소속으로 통산 89경기 출전해 80골과 24도움을 기록했다.

이번 시즌에는 39경기 동안 37골과 9도움을 작렬했다. 박스 안팎에서 폭 넓은 움직임을 보이면서 골 결정력, 드리블, 패스 등 다재다능한 모습을 보여줬다. 스포르팅에서 육각형 공격수로 거듭난 요케레스가 다음 시즌 어느 팀에서 뛰게될지 주목된다.

사진 = 게티이미지"
20250309,"""손흥민, 토트넘에서의 화려한 시간과 결별...이제는 떠나보낼 때 됐어"" 레전드 내치나?","토트넘 홋스퍼 캡틴 손흥민. 사진┃게티이미지코리아


[STN뉴스] 반진혁 기자 = 손흥민과 토트넘 홋스퍼이 이제는 결별할 시간?

토트넘 커뮤니티 '토트넘 홋스퍼 뉴스'는 8일 ""손흥민은 토트넘에서의 화려한 시간과 결별할 수 있다""고 전했다.

이어 ""토트넘 팬들은 손흥민의 경기력이 예전만 못하다고 느끼는 중이다. 분명히 프리미어리그(EPL) 최고 선수 중 한 명이다. 하지만, 이제는 떠나보낼 때가 됐다는 의견도 나오고 있다""고 덧붙였다.

토트넘은 지난 7일 알크마르와의 2024/25시즌 유럽축구연맹(UEFA) 유로파리그(UEL) 16강 1차전에서 0-1로 패배했다.

토트넘은 졸전을 펼쳤다. 루카스 베리발의 자책골로 실점을 헌납했고 이렇다 할 공격 찬스를 잡지 못했다. 유효 슈팅 없이 패배하면서 고개를 숙였다.

손흥민은 선발 출격했다. 그라운드를 72분 누비면서 패스 성공률 81%, 슈팅 3회 등의 기록을 남겼다.

영국 매체 '풋볼 런던'은 ""손흥민은 전혀 임팩트를 주지 못했다""며 별다른 활약을 보여주지 못했다고 평가했다.

손흥민은 경기 후 ""모든 선수들이 매우 실망스러운 경기를 했다. 변명의 여지가 없다. 만회할 수 있는 기회가 있다. 결과를 되돌릴 준비를 해야 한다""고 자책했다.

토트넘 홋스퍼 캡틴 손흥민. 사진┃뉴시스/AP


토트넘 패배와 함께 손흥민이 이렇다 할 존재감을 보여주지 못한 상황에서 비판이 쏟아졌다.

토트넘 출신 제이미 오하라는 ""손흥민은 최전방에 위치했다. 하지만, 경기에서 존재하지 않았다""고 지적했다.

이어 ""토트넘은 볼 점유 자체가 엉성했다. 더 많은 걸 기대했지만, 그러지 못했다. 수들이 수비 뒷공간으로 달려야 하는데 그런 일은 없었다""고 꼬집었다.
오하라는 꾸준하게 손흥민을 향해 비판하는 인물이다.

오하라는 최근 ""손흥민의 리더십 부족이 감독과 본인에게 비롯된다고 생각한다. 더 이상 토트넘에 적합한 주장이 아니다""고 주장했다.

이어 ""손흥민은 환상적인 선수다. 토트넘에게 믿을 수 없는 순간을 많이 만들어 줬다. 하지만, 지금 같이 팀을 하나로 모아야 하는 시기에 나서면 안 된다. 주장은 이끌 수 있어야 하지만, 그렇지 않다. 이제 다른 선수에게 넘길 타이밍이다""고 꼬집었다.

토트넘 홋스퍼 캡틴 손흥민. 사진┃게티이미코리아


이후 오하라는 ""대한민국 팬들로부터 질타를 받고 있다. 손흥민은 리더가 아니며 대체 선수를 찾아야 한다고 말했기 때문이다. SNS를 통해 24시간 내내 비난을 받고 있다""고 언급했다.

그러면서 ""손흥민은 세계 최고 수준이었지만, 이제는 아니다. 속도를 잃었다. 아무것도 해내지 못한다. 때때로 나이가 들면 다른 곳을 찾아야 할 때가 있다. 더 이상 토트넘의 주장이 되어선 안 된다""며 의견을 굽히지 않았다.

손흥민이 커리어가 황혼기로 접어들면서 퍼포먼스가 이전보다 약해졌다는 평가도 있다.

영국 매체 '기브미스포츠'는 ""토트넘이 손흥민의 매각을 놓고 심각하게 고민하고 있다. 처분을 결정한다면 가장 거대한 결정이 될 것이다""고 전했다.

이어 ""손흥민, 히샬리송, 티모 베르너 등의 주급은 8억에 달한다. 처분한다면 엄청난 돈을 아낄 수 있다""고 덧붙였다.

이와 함께 ""토트넘은 이제 새로운 시대로 접어든다. 공격 개편을 위해 중대한 결단을 내려야 할 것이다. 손흥민도 예외는 아니다""고 언급했다.

그러면서 ""반드시 처분이 필요한 선수는 아니지만, 제안이 있다면 받아들여야 할 선수가 있다. 첫 번째는 손흥민이다. 수년간 토트넘의 아이콘이었고 의심의 여지 없이 역대 최고의 EPL 선수 중 한 명이다. 하지만, 둔화가 시작했고 퍼포먼스가 과거보다 눈에 띄게 떨어졌다. 상황이 더 나빠지기 전에 처분해 현금을 챙길 때가 됐을 지도 모른다""고 언급했다.

토트넘 홋스퍼 캡틴 손흥민. 사진┃게티이미지코리아


최근 토트넘과 손흥민이 1년만 계약을 연장한 이유가 밝혀졌다.

영국 매체 '더 부트 룸'은 ""토트넘은 손흥민의 가치를 보존하기 위해 1년 연장 옵션을 선택했다. 장기 계약이 논의되지 않은 건 경영진의 개입 때문이었다. 기량 하락을 예상했다""고 보도했다.

이어 ""토트넘 경영진은 손흥민과 1년만 계약을 연장한 것이 옳다고 믿고 있다. 최고 기량을 찾는 건 어려울 것이라고 우려하는 중이다""고 덧붙였다.

그러면서 ""사우디아라비아, 미국 메이저리그사커(MLS)도 손흥민을 원한다""며 이적을 통해 선수 생활을 마무리할 수 있다고 언급했다.

토트넘의 다니엘 레비 회장은 손해를 보지 않는 장사꾼, 짠돌이로 유명한데 손흥민을 향한 제안을 놓치지 않을 것이라는 분위기도 있다.

토트넘 홋스퍼에서 호흡을 맞췄던 손흥민과 해리 케인. 사진┃goalpost_asia


이러한 상황에서 손흥민의 바이에른 뮌헨 이적설이 떠올랐다.

스페인 매체 '피차헤스'는 ""손흥민은 바이에른 뮌헨의 타깃이다. 가장 매력적인 대안 중 하나로 돋보인다. 플레이 스타일과 완벽하게 맞는다""고 전했다.

이어 ""손흥민은 바이에른 뮌헨으로 이적한다면 커리어 마지막 단계에서 우승 기회를 잡을 수 있다. 함부르크와 레버쿠젠에서 뛰었기에 독일 축구에 익숙해 적응은 수월할 것이다. 그때보다 더 완벽하고 성숙한 선수이기에 새로운 도전에 나설 준비가 됐다""고 덧붙였다.

바이에른 뮌헨 해리 케인과 토트넘 홋스퍼 손흥민. 사진┃팀토크


손흥민이 바이에른 뮌헨과 연결된 건 이번이 처음은 아니다.

손흥민은 케인과 함께 해결사와 조력자 역할을 분담하면서 프리미어리그(EPL) 최고의 파트너십을 구축했다.

손흥민과 케인은 8시즌 함께 뛰며 파트너십을 형성했다. 통산 47개의 골을 합작하는 등 토트넘이 부진할 때도 엄청난 퍼포먼스로 부적이라고 할 정도로 존재감이 대단했다.

특히, 첼시 시절 디디에 드록바-프랭크 램파드 듀오를 제치고 프리미어리그(EPL) 최다골 합작이라는 타이틀을 거머쥐었다.

케인이 바이에른 뮌헨으로 떠나면서 손흥민과의 강력했던 파트너십은 해체됐다.

토트넘 홋스퍼 캡틴 손흥민. 사진┃뉴시스


STN뉴스=반진혁 기자"
20250309,"""매디슨-존슨 남기고 SON 방출""…토트넘 대선배 '손흥민 매각' 주장→""이해 힘들지만 개편 필요""","(엑스포츠뉴스 나승우 기자) 손흥민의 대선배 제이미 오하라가 토트넘 홋스퍼에서 방출해야 할 선수에 손흥민을 포함시켰다.

영국 TBR풋볼은 8일(한국시간) ""제이미 오하라는 토트넘이 월드클래스 선수 손흥민을 팔아야 할 때라고 밝혔다""고 보도했다.
매체는 ""토트넘은 다가오는 여름 이적시장에서 몇 가지 중요한 결정을 내려야 한다. 이번 시즌은 토트넘 계획대로 진행되지 않았다. 프리미어리그 하위권에 있고, 국내 컵 대회 2개(리그컵, FA컵)에서도 탈락했다""며 ""토트넘에 전면적인 변화가 필요한 시점일 수 있다. 누가 잔류하고, 누가 나갈지에 대한 불편한 대화가 오가고 있다""며 토트넘이 리빌딩 작업에 들어가야 하는 상황이라고 했다.

이어 ""일부 선수는 안전하다. 데얀 쿨루세브스키는 토트넘 최고의 선수다. 아치 그레이는 미래의 스타""라면서 ""하지만 다른 선수들의 미래는 의문시 되고 있다. 히샬리송은 충분히 훌륭하지 못하다. 팔릴 수도 있다""고 각 선수마다 대조적인 평가를 받고 있다고 덧붙였다.



그러면서 오하라가 손흥민을 팔아야 한다고 주장했다고 전했다.

매체는 ""오하라는 글로벌 스포츠 매체 ESPN과의 인터뷰에서 토트넘 선수 중 누구를 남기고 누구를 팔 것인지에 대해 논의하면서 손흥민에 대한 흥미로운 결정을 내렸다""고 알렸다.

EPSN 틱톡 계정에 따르면 오하라는 토트넘 선수단에 대해 간략히 말해달라는 요청을 받은 후 손흥민에게는 가혹한 분석을 내렸다.

영상에서 오하라는 첫 번째로 제임스 매디슨은 유지해야 한다고 결정했으나 두 번째로 손흥민 차례가 되자 잠시 고민하더니 팔아야 한다고 결론을 내렸다.



이어 쿨루세브스키, 브레넌 존슨, 페드로 포로, 도미닉 솔란케는 모두 남기기로 결정했고, 파페 사르는 방출 대상으로 분류했다. 굴리엘모 비카리오는 남겨야 한다고 했으나 이브 비수마 차례에서는 다시 방출을 외쳤다.

계속해서 제드 스펜스, 데스티니 우도기는 남겨야 한다고 주장했으나 로드리고 벤탄쿠르는 팔아야 한다고 했으며 크리스티안 로메로는 남기고 티모 베르너는 방출해야 한다고 했다.

마지막으로 아치 그레이, 미키 판 더 펜, 루카스 베리발 세 명은 남겨야 한다고 한 오하라는 라두 드라구신, 벤 데이비스, 히샤리송 3명은 방출 대상으로 분류했다.

이에 대해 메체는 ""오하라는 손흥민이 수년간 좋은 활약을 펼쳤음에도 불구하고 그를 팔아야 한다고 주장하며 가혹한 분석을 내렸다""며 ""솒ㅇ민이 이런 종류의 말을 들어본 건 처음이 아니다. 데이비드 플리트 역시 손흥민을 팔겠다고 했는데 이번 시즌 손흥민의 성적을 보면 그 이유를 이해하기 어렵다""고 손흥민 방출 주장에 동의하지 않았다.

다만 매체는 ""손흥민은 예전만큼 많은 골을 넣지 못하고 있지만 여전히 엄청난 기여를 하고 있으며 클럽이 주장""이라고 강조하면서도 ""오하라가 토트넘 몇몇 핵심 선수를 팔아 돈을 벌어야 한다는 주장에 대해 솔직히 말해 그 이유를 이해할 수 있다""며 ""이번 시즌 최악의 모습을 보였고, 안지 포스테코글루 감독이 다시 팀을 올바른 방향으로 이끌기 위해서는 변화가 필요하다""고 개편의 필요성 자체는 동의했다.



오하라는 과거 토트넘에서 활약했던 인물로 현재 여러 방송사에 출연하며 평론가로 활동하고 있다.

국내 팬들에게는 손흥민에게 가혹한 평가를 내리는 인물로 잘 알려져 있다. 몇 년 전만 해도 오하라는 손흥민을 최고의 선수라고 주장해왔으나 이번 시즌 손흥민이 부진한 모습을 보이자 신랄하게 비판하며 등을 돌렸다.

이번 시즌 초 오하라는 ""손흥민에 대해 어떻게 생각하는가. 난 손흥민이 전성기를 지나간 것 같다고 생각한다. 많은 팬과 모든 사람들이 그가 끝났다고 생각할 것이다. 제대로 된 팬들 말이다""라며 최근 손흥민이 예전만 못한 모습을 보여주고 있다고 주장했다.

이어 ""파이널 서드에서의 퀄리티가 사라졌다. 손흥민은 예전처럼 하지 못한다. 33세인 손흥민이 다른 사람들을 제칠 수 있을까? 손흥민은 훌륭한 선수였고, 믿을 수 없는 선수였다. 토트넘의 위대한 선수였다""고 그동안 손흥민의 활약을 인정하면서도 ""하지만 지금 손흥민을 보면 그때의 예리함과 날카로움이 사라진 것 같다는 생각이 든다""고 강조했다.

최근에는 손흥민이 AZ알크마르전에서 일본인 측면 수비수 마이쿠마 세이야를 상대로 전반전 내내 아무것도 못하고 교체 아웃되자 ""손흥민은 뒷공간을 노리는 움직임도 없었고, 존재감이 없었다. 토트넘도 무기력했다""며 혹평을 쏟아내기도 했다.

사진=연합뉴스, 틱톡"
20250309,"설마 19세 양민혁, 타깃이었나...선발 출전한 경기서 QPR 선수 향한 인종차별 발생→""강력 규탄, 계속 조사해 나갈 것""","[SPORTALKOREA] 박윤서 기자= 양민혁이 선발로 나선 퀸즈파크 레인저스(QPR) 경기에서 인종차별 사건이 발생했다.

QPR은 9일(한국시간) 영국 웨스트 브로미치의 더 호손스에서 펼쳐진 2024/25 시즌 잉글랜드 챔피언십(2부 리그) 36라운드 WBA와 맞대결에서 0-1로 패했다.


이날 QPR은 전반 39분 선제 실점을 허용했다. 문전을 파고드는 잭 콜백의 과감한 돌파에 안일한 대처로 맞서다 페널티킥을 내줬고 키커로 나선 아담 암스트롱이 골망을 열었다.

이후 전반 추가 시간 다넬 펄롱이 퇴장 판정을 받으며 QPR은 수적 우위를 잡았다. 그러나 끝내 무딘 창은 득점을 기록하는 데 실패하며 승부를 뒤집지 못했다.


이로써 QPR은 11승 11무 14패(승점 44)로 14위에 머물렀다. 리그 3연패에 빠지며 좋지 못한 흐름에 접어들었다. 반면 승점 3점을 획득한 WBA는 6위에 올라 승격 플레이오프 진출 가능성을 높였다.

이날 선발로 나선 양민혁은 폴 스미스, 사이토 코키, 일리아스 체어와 공격진을 형성했다. 주로 오른쪽에 포진했으나 대체로 1, 2선을 자유롭게 누볐다.


양민혁은 특유의 왕성한 활동량과 적극적인 플레이를 바탕으로 준수한 활약을 펼쳤다. 다만 유의미한 공격 찬스를 만들지 못하며 아쉬움을 남겼다. 축구 통계 매체 '풋몹'은 슈팅 0회, 드리블 시도 1회, 패스 18/22, 지상 경합 4회 성공 등을 기록한 양민혁에게 평점 6.2를 부여했다.

경기가 끝난 후 달갑지 않은 소식이 전해졌다. QPR은 9일 구단 홈페이지를 통해 ""더 호손스에서 열린 WBA와의 경기 도중 전반전에 QPR 선수에 대한 인종차별적 발언이 있었다는 신고가 접수됐음을 밝힌다""라고 알렸다.

이어 ""웨스트 미들랜즈 경찰은 한 관중을 인종차별적 공공질서 위반 혐의로 체포했다. WBA 역시 해당 시즌 티켓 소지자의 입장을 정지시켰다. QPR은 어떠한 형태의 차별도 강력하게 규탄한다. 구단은 관련 당국 및 WBA와 협력하여 이번 사건을 계속해서 조사해 나갈 것이다""라고 덧붙였다.


아직 몰상식한 인종차별의 피해를 본 선수가 누구인진 전해지지 않고 있다. 이에 국내 팬들은 2006년생(19세) 양민혁이 타깃이 되었는지 여부에 촉각을 곤두세우고 있다.

사진=QPR SNS, 게티이미지코리아

취재문의 sportal@sportalkorea.co.kr"
20250309,"""헤이터들 어디 갔어?"" 김민재 결장→뮌헨 충격패...""우리는 김민재에게 감사해야해""","[포포투=정지훈]

김민재가 휴식을 취한 가운데, 팀이 충격적인 패배를 당하자, 바이에른 뮌헨 팬들이 김민재에게 고마움을 전했다.

뮌헨은 8일 오후 11시 30분(한국시간) 독일 뮌헨에 위치한 알리안츠 아레나에서 열린 2024-25시즌 독일 분데스리가 25라운드에서 보훔에 2-3으로 패배했다. 이로써 뮌헨은 리그 10경기 무패행진을 마감했지만, 리그 선두를 유지했다.

뮌헨은 4-2-3-1 포메이션을 가동했다. 그나브리, 고레츠카, 사네, 팔리냐, 게헤이루, 뮐러, 이토, 다이어, 스타니시치, 보이, 우르비히가 선발로 나선다. 김민재는 벤치에 앉았다. 뮌헨이 이른 시간 앞서 나갔다. 전반 14분 그나브리의 패스를 받은 게헤이루가 골문 앞에서 벼락같은 왼발 슈팅으로 골망을 흔들었다. 뮌헨이 일찍이 1-0 리드를 잡았다.
뮌헨이 빠르게 격차를 벌렸다. 전반 28분 좌측면에서 이토가 오른발로 올린 크로스를 뮐러가 헤더로 떨궜고, 쇄도하던 게헤이루가 골문 앞에서 헤더를 내리 꽂으며 멀티골을 만들었다. 뮌헨이 순식간에 2-0으로 격차를 벌렸다. 보훔이 재빨리 추격했다. 전반 30분 코너킥 상황, 크로스가 뮐러의 몸에 맞아 굴절됐다. 박스 안에 있던 메디치가 강력한 오른발 슈팅으로 골망을 갈랐다. 보훔이 1-2로 추격에 성공했다.

뮌헨이 예상치 못한 악재를 맞이했다. 전반 42분 공 소유권을 탈취하는 과정에서 팔리냐가 태클을 시도했는데, 마수라스의 발목을 향했다. 마수라스는 곧바로 쓰러져 고통을 호소했고, 주심은 팔리냐에 다이렉트 퇴장을 선언했다. 뮌헨은 수적 열세에 빠지며 위기에 봉착했다. 전반 추가시간은 3분이 주어졌지만 추가골은 나오지 않았다. 전반은 뮌헨의 2-1 리드로 마무리 됐다.

수적 열세에 빠진 뮌헨이 끝내 동점골을 헌납했다. 후반 6분 우측면에서 파슬락이 크로스를 올렸고, 문전으로 쇄도하던 시소코가 강력한 헤더로 골망을 흔들었다. 뮌헨은 2-2 균형을 내주며 어려운 경기를 펼치게 됐다.

콤파니 감독이 교체를 단행했다. 후반 17분 뮐러, 그나브리, 사네, 보이를 빼고 케인, 무시알라, 올리세, 라이머를 투입하며 수적 열세를 극복하고자 했다. 다이어의 아쉬운 실수로 역전을 허용한 뮌헨이었다. 후반 25분 좌측면에서 낮고 빠른 크로스가 올라왔는데, 박스 안에 위치한 다이어가 공을 걷어내지 못하고 흘렸다. 이후 베로가 왼발 슈팅으로 연결해 골망을 갈랐다. 뮌헨이 2-3으로 역전 당했다.

결국 경기는 뮌헨의 2-3 역전패로 마무리됐다. 이로써 뮌헨은 리그 10경기 무패행진을 마감했지만, 리그 선두 자리는 유지했다.

김민재의 공백을 실감해야 했다. 경기 후 뮌헨의 공식 SNS에는 팬들이 김민재의 부재에 아쉬움을 전하는 동시에 고마움을 전하기도 했다. 김민재에게 좋지 않은 평가를 남기는 '헤이터'들에게 일침을 가하기도 했다. 한 팬은 ""김민재와 우파메카노를 판매하자는 것에 동의하는 사람들 있어?"", ""헤이터들 다 어디 갔어?"", ""우리는 김민재와 우파메카노에게 감사해야 한다"" 등의 메시지가 남겨졌다."
20250309,"[속보] 이강인, 아스널이 부른다! ""월드클래스 패스마스터"" 극찬 터졌다…PSG 방출 오히려 좋아","이강인이 현 소속팀인 프랑스 파리 생제르맹에서 위기론에 휩싸인 가운데 지난 1월 그에게 러브콜을 보낸 것으로 알려졌던 아스널이 여전히 그에 대한 관심을 갖고 있다는 보도가 나왔다. '디 애슬레틱'의 알렉스 베이커는 8일 자신의 채널을 통해 지난달 초 열렸던 PSG-브레스트에서의 이강인 시즌 4호 어시스트 장면을 다시 회상한 뒤 월드클래스 어시스트라고 극찬하면서 아스널이 여전히 그에 대한 관심을 유지하고 있다고 주장했다.


(엑스포츠뉴스 김현기 기자) 이강인이 이렇게 밀려날 선수가 아니다.

그를 높게 평가하며 지난 1월 아스널 이적 보도를 했던 기자가 이강인을 정상급의 수준의 패스를 가진 미드필더라고 다시 극찬하고는 여전히 아스널로 갈 수 있다고 주장했다.

특히 그는 이강인의 최근 경기 장면을 회상하면서 ""월드클래스""라고 외친 적이 있다.

이강인이 다시 아스널과 연결될 수 있을지 관심을 모은다.

이강인은 최근 자신의 입지가 급격히 축소되면서 위기론에 휩싸였다. 그의 소속팀인 프랑스 최고 명문 PSG는 6일(한국시간) 프랑스 파리 파르크 데 프랭스(왕자공원) 구장에서 열린 2024-2025 유럽축구연맹(UEFA) 챔피언스리그 16강전 1차전 홈 경기를 리버풀전에서 0-1로 패했다.

슈팅 수 28-2로 앞서고도 패한 것이 아쉬울 법하지만 그래도 경기 내용은 좋았다.

이강인은 벤치에서 90분간 앉아 있었기 때문에 더욱 속이 쓰렸을 것으로 보인다.

최근 3경기에서 교체로 들어가 30분, 16분, 15분으로 출전시간 제한을 받았던 이강인은 이번엔 아예 결장한 것이다.

이강인이 현 소속팀인 프랑스 파리 생제르맹에서 위기론에 휩싸인 가운데 지난 1월 그에게 러브콜을 보낸 것으로 알려졌던 아스널이 여전히 그에 대한 관심을 갖고 있다는 보도가 나왔다. '디 애슬레틱'의 알렉스 베이커는 8일 자신의 채널을 통해 지난달 초 열렸던 PSG-브레스트에서의 이강인 시즌 4호 어시스트 장면을 다시 회상한 뒤 월드클래스 어시스트라고 극찬하면서 아스널이 여전히 그에 대한 관심을 유지하고 있다고 주장했다. PSG


이강인은 2024-2025시즌 초반엔 PSG에서 위상이 괜찮았다. 오른쪽 윙어는 물론 제로톱 시스템에서의 가짜 9번까지 맡으며 여러 포지션을 분주하게 누볐다.

마침 주축 선수들이 루이스 엔리케 감독과 불화를 빚었고, 킬리안 음바페의 레알 마드리드 FA(자유계약신분) 이적에 따른 공백도 메우지 못했다.
FC바르셀로나와 스페인 대표팀을 지휘했던 엔리케 PSG 감독 눈에 이강인이 들어왔다. 엔리케 감독은 이강인을 이번 시즌 전반기에 중용했다.

엔리케 감독은 이강인을 좋게 평가한 것으로 보인다. 시즌 중반 프랑스 취재진이 그의 기량에 의문을 표시할 때마다 여러 번 이강인을 칭찬하면서 언론의 혹평을 반박했기 때문이다.

새해 들어 그의 입지가 180도 바뀌었다. 이강인은 이날 벤치 대기하면서 후반 교체출격이라도 기다렸으나 엔리케 감독이 아예 부르지 않았다.

엔리케 감독과 불화를 빚었던 프랑스 국가대표 우스만 뎀벨레가 갈등을 해결하며 스트라이커로 뛰고 있다. 리그1 득점 선두에 오를 만큼 맹활약하고 있다.

여기에 1월 중순 1050억원을 들여 흐비차 크바라츠헬리아를 이탈리아 나폴리에서 데려오면서 이강인은 완전히 벤치로 밀려났다. 흐비차가 온 뒤 이강인은 주전급 선수들 체력 안배를 위한 로테이션이 아니면 선발로 나서기 힘든 상황에 몰렸다.

이강인이 현 소속팀인 프랑스 파리 생제르맹에서 위기론에 휩싸인 가운데 지난 1월 그에게 러브콜을 보낸 것으로 알려졌던 아스널이 여전히 그에 대한 관심을 갖고 있다는 보도가 나왔다. '디 애슬레틱'의 알렉스 베이커는 8일 자신의 채널을 통해 지난달 초 열렸던 PSG-브레스트에서의 이강인 시즌 4호 어시스트 장면을 다시 회상한 뒤 월드클래스 어시스트라고 극찬하면서 아스널이 여전히 그에 대한 관심을 유지하고 있다고 주장했다. 중계화면


마침 프랑스 일부 언론은 PSG가 이강인에게 올여름 팀을 떠나도 좋다는 사인을 내렸다고 주장했다.

프랑스 언론 주장이 틀렸더라도 이강인 입장에선 고민하지 않을 수 없는 상황이다.

그런 상황에서 지난 1월 이강인의 아스널 이적을 주장했던 기자가 그의 월드클래스 재능을 극찬하며 여전히 프리미어리그 빅클럽 이적이 가능하다고 했다.

'디 애슬레틱'의 알렉스 베이커는 8일 자신의 채널을 통해 지난달 초 열렸던 PSG-브레스트에서의 이강인 시즌 4호 어시스트 장면을 다시 회상한 뒤 월드클래스 어시스트라고 극찬했다.

이강인은 PSG가 2-1로 앞선 후반 17분 스트라이커로 이날 경기에서 뛴 우스만 뎀벨레가 해트트릭을 완성할 때 결정적인 패스로 어시스를 기록했다. 페널티지역 오른쪽에서 환상적인 턴으로 상대 수비수 2명을 따돌린 뒤 페널티지역 왼쪽으로 침투패스를 내줘 뎀벨레의 해트트릭을 이끌어낸 장면이었다.

뎀벨레도 이강인을 극찬했는데 베이커도 이를 보면서 이강인이 환상적이었다고 칭찬한 것이다.

그러면서 아스널과 연결되고 있다고 다시 강조했다.

이강인이 현 소속팀인 프랑스 파리 생제르맹에서 위기론에 휩싸인 가운데 지난 1월 그에게 러브콜을 보낸 것으로 알려졌던 아스널이 여전히 그에 대한 관심을 갖고 있다는 보도가 나왔다. '디 애슬레틱'의 알렉스 베이커는 8일 자신의 채널을 통해 지난달 초 열렸던 PSG-브레스트에서의 이강인 시즌 4호 어시스트 장면을 다시 회상한 뒤 월드클래스 어시스트라고 극찬하면서 아스널이 여전히 그에 대한 관심을 유지하고 있다고 주장했다.


이강인은 2023년부터 프리미어리그 이적설에 휩싸였으나 유력 매체가 특정 구단을 지목해 구체적인 관심을 적시했다는 점에서 화제가 됐다.

베이커의 보도는 미국 CBS 스포츠 이적시장 전문가 벤 제이콥스도 확인한 적이 있다.

제이콥스는 ""아스널이 이강인을 정말 좋아한다""며 이강인이 아스널의 타깃임을 알리기도 했다.

사실 이강인은 리그1에서 더 이상 보여줄 것이 없다. PSG에선 좋은 선수들이 많아 주전 입지를 찾는 게 쉽지 않지만 리그1 다른 팀에 가면 에이스급으로 활약할 수 있기 때문이다. 그런 상황에서 아스널 이적설이 다시 불거졌다.

사진=PSG"
20250309,"충격부진! '강인, 엉망이야. 이러고 어떻게 남아?' 어렵게 잡은 선발찬스. 무색무취 65분→경쟁자들은 맹활약","<저작권자(c) 연합뉴스, 무단 전재-재배포, AI 학습 및 활용 금지>
[스포츠조선 이원만 기자] '이러면 도와줄 수가 없잖아!'

프랑스 리그1 파리생제르맹(PSG)에서 방출 위기에 놓인 이강인(23)이 오랜만에 리그 경기에서 선발 기회를 얻었다. 입지가 극도로 불안정해진 이강인에게 주어진 몇 안되는 찬스다. 이 경기를 통해 자신의 가치와 경쟁력을 입증한다면, 여름 이적시장에서 비참하게 내쳐질 위기에서 좀 벗어날 수도 있는 기회였다.
하지만 이강인은 이 찬스를 살리지 못했다. 선발로 나와 후반 19분 교체될 때까지 64분을 소화했지만, 인상적인 장면은 만들지 못했다. 결국 방출 위기에서 전혀 벗어나지 못했다고 볼 수 있다. 팀은 쾌승을 거뒀지만, 이강인은 웃을 수 없었다.

PSG는 9일 새벽(이하 한국시각) 프랑스 렌의 로아존 파르크에서 열린 스타드 렌과의 2024~2025 프랑스 리그1 25라운드 원정경기에서 4대1로 승리하며 리그 무패행진을 25경기째 이어갔다. 압도적인 선두다.

이강인이 모처럼 공격 스리톱의 우측 윙포워드로 선발 출격했다. 그가 이강인은 팀내에서 완전히 찬밥신세였다. 루이스 엔리케 감독은 시즌 초반에는 이강인을 극찬하며 다양한 임무를 맡겼다. 이강인은 마치 '마당쇠'처럼 엔리케 감독의 지시를 성실히 수행했다. 가짜 9번과 우측 윙포워드, 중앙 미드필더 등을 전천후로 누볐다. PSG의 초반 상승세에는 분명 이강인의 공헌이 적지 않았다.

<저작권자(c) 연합뉴스, 무단 전재-재배포, AI 학습 및 활용 금지>
하지만 지난 1월 이적시장을 전후해 팀내에서 이강인의 입지가 거의 사라져 버렸다. PSG가 '이강인 상위호환'으로 불뤼는 흐비차 크바라츠헬리아(24)를 영입한 이후 이강인에 대한 관심이 차갑게 식었다. 여기에 더해 우스만 뎀벨레의 각성과 데지레 두에의 초상승세가 겹치며 이강인의 입지가 지워졌다. 주앙 네베스와 세니 마율루 등 젊은 미드필더들도 최근 상당히 컨디션이 좋다.

결과적으로 이강인은 엔리케 감독으로부터 외면받는 처지가 됐다. 그러면서 출전시간도 계속 줄어들었다. 지난 6일 리버풀과의 유럽축구연맹(UEFA) 챔피언스리그 16강 1차전이 정점이었다. 이강인은 처음부터 끝까지 벤치만 달궜다. 이에 앞서 치른 3경기에서도 출진시간이 30분→16분→15분으로 계속 줄고 있었다.

그러나 엔리케 감독은 이날 스타드 렌과의 리그1 경기 때 이강인에게 선발 기회를 줬다. 이강인은 자신의 경쟁자라고 할 수 있는 브래들리 바르콜라와 곤살루 하무스와 함께 공격진에 배치됐다. 그 뒤로 마율루와 주앙 네베스, 데지레 두에가 섰다. 뤼카 에르난데스, 베랄두, 윌리안 파초, 워렌 자이르에메리가 포백을 만들었다. 마트벨 사포노프가 선발 골키퍼로 나왔다.

<저작권자(c) 연합뉴스, 무단 전재-재배포, AI 학습 및 활용 금지>
이강인은 초반에 제법 날카로운 움직임을 보여줬다. 전반 25분에는 페널티지역 바깥에서 두에에게 패스, 두에가 바로 오른발 슛을 날렸지만, 골문을 살짝 벗어났다. 2분 뒤 자이르에메리와 호흡을 맞추며 전방으로 치고 올라간 이강인은 박스 안쪽으로 달려가던 하무스에게 전진패스를 찔렀다. 그러나 오프사이드가 선언됐다. 슛도 키퍼에게 막혔다.

전반 38분에는 직접 날카로운 슛까지 보여줬다. 중앙에서 네베스의 패스를 받아 왼발로 강슛을 날렸다. 하지만 상대 골키퍼가 선방했다.

이강인은 전반 내내 스타드렌의 오른쪽 진영을 누볐지만, 확실한 임팩트를 남기지 못했다.

오히려 이강인을 벤치로 밀어낸 주역들이라고 할 수 있는 바르콜라와 곤살루 하무스, 그리고 우스만 뎀벨레가 골을 넣으며 위력을 과시했다. 바르콜라는 전반 27분 선제골을 넣었다. 하무스는 추가골을 터트렸고, 뎀벨레는 후반 19분 교체 투입돼 단 26분만 뛰면서도 2골을 터트리는 위력을 보여주며 이강인과 구별되는 확실한 실력을 보여줬다.

전반을 1-0으로 마친 PSG는 후반에 무더기 3골을 넣으며 승리에 쐐기를 박았다. 후반 5분에 하무스가 바르콜라의 크로스를 대시하며 다리로 밀어넣었다. 이어 교체 투입된 뎀벨레는 후반 추가시간 1분과 4분에 연달아 골을 넣었다. 리그1 득점 선두다운 위력이었다. 이런 모습 또한 이강인과 비교되는 부분이다.

<저작권자(c) 연합뉴스, 무단 전재-재배포, AI 학습 및 활용 금지>
이강인은 낮은 평점을 받았다. 유럽축구통계매체 소파스코어는 7.2점을 줬다. 팀 선수 중 6번째다. 볼터치 55개, 유효슈팅 1개에 패스성공률 93%(44회시도, 41회 성공), 키패스 1회를 기록했다. 땅볼 경합 성공률은 50%(4회시도, 2회성공) 공중볼 경합성공률은 0%(1회 시도, 실패)였다.

후스코어드닷컴은 더 혹독한 기준으로 평가했다. 그 결과 이강인은 평점 6.96을 줬다. 반면, 바르콜라는 8.32를 받았다. 멀티 골의 우스만 뎀벨레는 7.89점, 이강인과 경쟁하는 데지레 두에는 7.84점을 받았다. 모두 이강인보다 높았다.

결국 이강인은 이날 스타드 렌 전을 통해서도 여전히 팀내 입지가 약하며 기여도 역시 떨어진다는 걸 보여줬다. 최근 프랑스 매체 '풋01'은 구단 수뇌부와 엔리케 감독이 여름 이적시장에서 이강인을 매각하려한다는 보도를 한 바 있다. 공신력 있는 내용인지는 좀 더 두고봐야 하겠지만, 이강인의 역할이 크게 줄어든 것은 사실이다. 이대로 계속 저조한 모습만 보인다면, 여름 이적시장에서 이강인은 더 이상 PSG 유니폼을 입지 못하게 될 수도 있다 .

이원만 기자 wman@sportschosun.com"
20250309,"[속보] '충격' 양민혁 선발로 뛴 WBA 경기서 인종차별 사건 발생...""이미 구금! 티켓 자격 정지""","양민혁이 뛰었던 웨스트 브로미치 알비온(WBA)과 경기에서 인종차별 사건이 발생했다.

QRP은 9일(이하 한국시간) 구단 홈페이지를 통해 ""WBA전이 열린 더 호손스에서 인종차별 신고가 접수됐다. 전반전에 QPR 선수를 향한 인종차별로 인해 공공 질서 위법 혐의로 웨스트 미들랜드 경찰에 의해 구금됐다. WBA는 해당 팬의 티켓 자격을 정지했다""고 전했다.

그러면서 ""QPR은 직접, 온라인, 또 어떤 형태를 통한 차별을 강력히 비난한다. 이 문제에 대해 당국, WBA와 계속해서 협력할 것이다""고 덧붙였다.

이날은 양민혁이 선발로 뛴 경기다. 토트넘 훗스퍼에서 퀸즈파크레인저스(QPR)로 임대를 간 양민혁은 밀월, 블랙번 로버스, 코번트리 시티와 경기에서 모두 교체로 나섰다. 짧은 시간임에도 자신의 능력을 확인하면서 앞으로의 활약을 더 기대하게 했다. 더비 카운티전 첫 선발 출전해 도움을 올렸다. 포츠머스, 셰필드 유나이티드를 상대로도 좋은 경기력을 보여줬다.

WBA와 경기에서 선발로 나섰다. 전반 30분 양민혁이 돌파를 통해 수비수를 따돌리고 컷백을 내줬는데 동료의 슈팅이 살짝 빗나갔다. 양민혁의 움직임이 인상적이었다. 전반 33분 양민혁이 프리킥을 얻어내기도 했다. 후반엔 중앙과 측면을 오가며 뛰었다.

후반 43분 교체됐다. QPR은 0-1로 패하면서 고개를 숙였다. 양민혁은 이날 89분을 소화하면서 터치 36회, 패스 성공률 82%, 크로스 성공 1회(시도 3회), 그라운드 경합 승리 4회(시도 8회), 피파울 2회, 인터셉트 1회, 태클 2회 등을 기록했다. 축구통계매체 '소파스코어' 기준 평점은 6.5점이었다.

팀은 패했지만 양민혁은 존재감을 보였다. 양민혁이 선발로 뛴 경기에서 인종차별 사건이 발생해 충격을 주고 있다. WBA 팬이 가해자인 것으로 확인은 됐지만 누굴 대상으로 한 것인지는 알려지지 않았다."
20250309,"'아직 19살 양민혁, 피해자 아니길' QPR 원정 경기서 '인종차별' 발생... ""해당 팬 출입 금지 조처""","[스타뉴스 | 박재호 기자]
양민혁. /사진=퀸즈파크레인저스(QPR) 공식 사회관계망서비스(SNS)
양민혁이 출전한 경기에서 인종차별 행위가 발생했다.

QPR은 9일(한국시간) 공식 채널을 통해 ""웨스트 브로미치 앨비온과 경기 전반에 QPR 선수를 겨냥한 인종 차별 행위가 발생했다""고 전했다.

인종차별 피해를 당한 선수가 누구인지 따로 밝히지 않았다. 구단에 따르면 인종차별 행위를 한 팬은 경찰에 체포됐다. 웨스트 브로미치 엘비언도 해당 팬의 시즌권 효력을 중단하며 경기장 출입을 금지하는 조처에 나섰다.

QPR은 이날 영국 웨스트 브로미치의 더 호손스에서 열린 '2024~2025시즌 잉글랜드챔피언십(2부리그)' 36라운드에서 웨스트브롬위치 알비온에 0-1로 졌다. 리그 3연패에 빠진 QPR은 승점 44(11승11무14패)로 14위에 머물렀다.

QPR은 상대 선수가 전반 종료 직전 퇴장 당했지만, 수적 우위를 살리지 못하고 패배했다.

양민혁(왼쪽)이 웨스트브롬위치 수비를 상대로 돌파를 시도하고 있다. /사진=웨스트브롬위치 공식 사회관계망서비스(SNS)
양민혁은 오른쪽 측면 공격수로 선발 출전해 후반 44분 교체될 때까지 89분 동안 그라운드를 누볐지만 공격포인트를 올리지 못했다.

통계 전문 매체 '풋몹'에 따르면 양민혁은 슈팅 없이 크로스 성공 1회, 태클 성공 2회, 패스 성공률 81%(17/21) 등을 기록했다. 풋몹은 양민혁에게 하위권 평점인 6.0을 부여했다.

양민혁은 지난 1월 QPR 임대 이적 후 총 7경기를 출전했다. 매 경기 눈에 띄는 활약을 보이던 양민혁은 지난달 15일 더비 카운티와 홈경기에서 첫 선발 출전해 잉글랜드 무대 데뷔 도움을 기록하는 성과를 올린 바 있다. 양민혁은 오는 12일 미들즈부러 원정에서 잉글랜드 무대 데뷔골을 노린다.

웨스트브롬위치와 QPR의 전반전 결과. /사진=웨스트브롬위치 공식 사회관계망서비스(SNS)"
20250309,"""고의 아니었다"" 25바늘 꿰맨 '살인 쿵푸킥'→비난 폭주에...""가족 욕 멈춰달라"" 성명 발표","[OSEN=고성환 기자] 상대에게 '쿵푸킥'을 날린 리암 로버츠(31, 밀월)가 자신과 가족을 향한 혐오를 멈춰달라고 부탁했다.

영국 '스카이 스포츠'는 8일(이하 한국시간) ""밀월 골키퍼 로버츠는 크리스탈 팰리스 공격수 장필리프 마테타를 향한 높은 도전 행위로 6경기 출전 정지 징계를 받았다. 잉글랜드 축구협회(FA)는 3경기 징계로는 '명백히 불충분하다'라며 더 긴 출장 정지를 요청했다""라고 보도했다.
사건은 영국 런던 셀허스트 파크에서 열린 팰리스와 밀월의 2024-2025시즌 잉글랜드 FA컵 5라운드(16강) 경기 도중 발생했다. 킥오프 6분 만에 마테타가 끔찍한 부상을 당한 것. 팰리스는 3-1로 승리하며 8강에 진출했지만, 마테타는 이를 끝까지 지켜보지 못하고 병원으로 이송돼야 했다.

전반 6분 마테타가 후방에서 길게 넘어온 패스를 받으려 쇄도하는 순간 밀월 골키퍼 리암 로버츠가 페널티 박스를 벗어나 공중으로 뛰어올랐다. 로버츠는 공을 차는 대신 높이 뻗은 왼발로 마테타의 얼굴을 강하게 걷어차고 말았다. 

가격당한 마테타는 그대로 쓰러졌고, 왼쪽 귀에선 피가 흘렀다. 그는 8분간 산소 마스크를 착용하고 치료받은 뒤 들것에 실려 나갔다. 위험천만한 태클을 날린 로버츠는 비디오 판독(VAR) 끝에 다이렉트 레드카드를 받았다.



스카이 스포츠에 따르면 마테타는 경기장에서 약 10분간 치료를 받은 뒤 병원으로 이송됐다. 다행히 올리버 글라스너 팰리스 감독은 경기 후 마테타가 의식을 찾았다고 밝혔다. 또한 그는 ""마테타의 축구 인생이 끝날 수도 있었다. 로버츠를 비난하고 싶진 않지만, 끔찍한 반칙""이라고 목소리 높였다.

스티브 패리시 팰리스 회장도 분노했다. 그는 이례적으로 하프타임에 인터뷰를 진행했고 ""마테타는 귀 뒤에 심각한 상처를 입었고, 머리를 다쳤다. 현재 병원에 입원해 있다""라고 전했다.

또한 패리시 회장은 ""난 이런 도전을 본 적이 없다. 내가 경기장에서 본 가장 무모한 태클이었다. 그(로버츠)는 동료의 프로 인생, 어쩌면 인생까지도 위험에 빠뜨렸으니 스스로 냉철히 돌아봐야 한다""라고 강조했다.



다행히 마테타는 무사히 치료를 마치고 퇴원했다. 팰리스 구단은 경기 다음날 ""마테타가 오늘 저녁 세인트 조지 병원에서 전문의 치료를 받았다. 그는 왼쪽 귀에 심한 열상을 입어 25바늘을 꿰맨 뒤 퇴원했다. 모든 검진 결과는 명확했고, 그는 건강한 상태""라고 전했다.

마테타도 소셜 미디어를 통해 ""여러분의 모든 따뜻한 메시지에 감사드린다. 난 괜찮다. 빨리 돌아올 수 있길 바란다. 그 어느 때보다 강해져서 말이다""라고 인사를 남기며 팬들을 안심시켰다.





위험한 태클로 마테타를 다치게 한 로버츠는 중징계를 피하지 못했다. FA는 단순한 퇴장 징계인 3경기 출장 정지로는 부족하다며 추가 징계를 요청했고, 독립 규제 패널이 논의 후에 6경기 출장 정지 처분을 내렸다고 발표했다. 밀월 구단은 결과에 실망했지만, 존중한다고 밝혔다.

하지만 온라인상에서 쏟아지는 혐오적 발언은 멈춰달라고 부탁했다. 앞서 밀월 구단은 ""클럽은 마테타와 불행한 충돌 이후 로버츠를 향한 학대를 역겹게 느끼고 있다. 그가 의도적이었다는 수치스러운 주장은 부당한 인격 살인과 혐오스러운 온라인 학대를 부추겼다""라고 항의한 바 있다.

로버츠도 직접 입을 열었다. 그는 ""난 일어난 일에 매우 충격을 받았다. 난 분명히 레드카드를 수용하며 징계를 받아들인다. 내가 동료 프로선수에게 해를 끼치려 했다는 의견은 매우 불쾌하다. 난 그 누구라도 다치게 하려는 의도로 경기장에 들어선 적이 결코 없다""라고 강조했다.

또한 로버츠는 ""오해의 소지가 있는 기사와 댓글로 인해 나와 가족에 대한 욕설과 협박이 상상할 수 없을 정도로 많이 발생했다. 이 힘든 시기에 나를 알고 응원해 주신 여러분과 모든 메시지에 감사드린다""라고 덧붙였다.

/finekosh@osen.co.kr

[사진] ⓒGettyimages(무단전재 및 재배포 금지), 블리처 리포트 풋볼, 스카이 스포츠, 장필리프 마테타 소셜 미디어."
20250309,"'89분 활약' 양민혁 인종차별 당했나→구단, 사건 경찰 인계…안 풀리는 QPR, WBA 원정서 0-1 패배","QPR이 9일(한국시간) 공식 홈페이지를 통해 웨스트브롬위치 알비온(WBA) 원정에 선수를 향한 인종차별이 있었다고 알렸다. 경기에서는 QPR이 수적 우위에도 불구하고 0-1로 패해 플레이오프 권과 크게 벌어졌다. 연합뉴스


(엑스포츠뉴스 김정현 기자) 한국 축구 유망주 양민혁의 소속팀 퀸즈파크 레인저스의 경기 중 인종차별 사건이 벌어졌다. 구단은 즉각 대응에 나섰다. 

QPR이 9일(한국시간) 공식 홈페이지를 통해 웨스트브롬위치 알비온(WBA) 원정에 선수를 향한 인종차별이 있었다고 알렸다. 

구단은 ""우리는 한 명의 우리 선수가 호손스에서 열린 WBA 원정 경기 전반전 도중 팬으로부터 인종차별을 당했다고 확인했다. 해당 팬은 웨스트 미들랜드 경찰에 인종차별적 공공질서 위반 혐의로 구금됐으며 WBA 구단도 해당 시즌 티켓 소지자의 자격을 정지했다""고 전했다. 

QPR이 9일(한국시간) 공식 홈페이지를 통해 웨스트브롬위치 알비온(WBA) 원정에 선수를 향한 인종차별이 있었다고 알렸다. 경기에서는 QPR이 수적 우위에도 불구하고 0-1로 패해 플레이오프 권과 크게 벌어졌다. QPR


이어 ""QPR은 사람 간, 온라인이나 어떤 매개체로든, 모든 형태의 차별을 강력히 비판하며 우리는 관계 당국과 WBA 구단과 이 문제에 대해 협력을 계속할 것""이라며 후속 조치에 만전을 기할 거라고 밝혔다. 

이날 QPR은 이날 웨스트브롬위치에 있는 호손스에서 열린 WBA와의 2024-2025시즌 챔피언십 36라운드 원정 경기에 나섰다. 

양민혁은 QPR 임대 이적 이후 7경기 연속 출장했고 지난 35라운드 셰필드 유나이티드전에 이어 2경기 연속 선발 출장이었다. 그는 오른쪽 윙어로 출장해 사이토 고키, 일리아스 체어와 2선을 구성했고 최전방에는 폴 스미스가 나섰다. 3선은 잭 콜백과 키어런 모건, 수비에는 케네스 팔, 로니 에드워즈, 스티브 쿡, 지미 던, 골키퍼는 폴 나르디가 장갑을 꼈다. 

QPR이 9일(한국시간) 공식 홈페이지를 통해 웨스트브롬위치 알비온(WBA) 원정에 선수를 향한 인종차별이 있었다고 알렸다. 경기에서는 QPR이 수적 우위에도 불구하고 0-1로 패해 플레이오프 권과 크게 벌어졌다. qPR


양민혁은 우측에서 위협적인 장면을 여러 차례 선보이며 활약했다. 전반 30분경 코너킥 이후 상황에서 날카로운 돌파 이후 낮은 크로스를 시도해 기회를 만들었지만, 동료에게 연결되지 못했다. 

전반 40분에 WBA가 페널티킥을 얻었다. 상대 공격수 애덤 암스트롱이 이를 성공시키면서 QPR이 끌려갔다. 

전반 막판 상대 수비수 다닐 펄롱이 사이토를 뒤에서 가격하면서 다이렉트 퇴장을 당했다. QPR은 수적 우위를 얻었다. 하지만 QPR은 별다른 공격을 하지 못한 채, 전반을 마쳤다. 

QPR이 9일(한국시간) 공식 홈페이지를 통해 웨스트브롬위치 알비온(WBA) 원정에 선수를 향한 인종차별이 있었다고 알렸다. 경기에서는 QPR이 수적 우위에도 불구하고 0-1로 패해 플레이오프 권과 크게 벌어졌다. QPR


후반에도 QPR의 빈공은 이어졌다. QPR은 후반 14분 체어의 슈팅이 나왔지만, 수비에 막혔다. 

후반 27분에는 양민혁이 감각적인 터치 후 정확한 크로스를 시도했지만, 중앙에서 동료들에게 연결되지 않아 골키퍼에게 흘렀다. 

QPR의 공세가 계속됐다. 후반 32분 에드워즈가 박스 밖에서 오늘발 슈팅을 시도했지만, 살짝 빗나갔다. 

양민혁도 후반 초반 움직임 이후 영향력을 보여주지 못하면서 후반 44분 교체됐다. 추가시간이 무려 8분이나 주어졌지만, QPR은 동점을 만들지 못하고 패해 3연패 늪에 빠졌다. 

QPR이 9일(한국시간) 공식 홈페이지를 통해 웨스트브롬위치 알비온(WBA) 원정에 선수를 향한 인종차별이 있었다고 알렸다. 경기에서는 QPR이 수적 우위에도 불구하고 0-1로 패해 플레이오프 권과 크게 벌어졌다. QPR


축구통계업체 폿몹에 따르면, 양민혁은 이날 슈팅 없이 패스 성공률 82%(18/22), 상대 박스 안 터치 3회, 정확한 크로스 1회, 턴오버 2회, 태클 성공 100%(2/2), 가로채기 1회, 리커버리 1회, 지상 경합 성공 4회, 피파울 2회 등 영향력을 크게 보여주지 못했다. 폿몹은 양민혁에게 평점 6점을 주며 무난한 평가를 했다. 

지난 1월 말 토트넘 홋스퍼에서 QPR로 임대 이적한 양민혁은 전 경기 출장해 마르틴 시푸엔테스 감독의 신임을 얻고 있다. 하지만 팀이 현재 연패의 늪에 빠지면서 위기를 맞았다. 

QPR이 9일(한국시간) 공식 홈페이지를 통해 웨스트브롬위치 알비온(WBA) 원정에 선수를 향한 인종차별이 있었다고 알렸다. 경기에서는 QPR이 수적 우위에도 불구하고 0-1로 패해 플레이오프 권과 크게 벌어졌다. 연합뉴스


이날 패배로 QPR은 리그 14위(11승 11무 14패·승점 44)로 떨어졌다. 플레이오프에 진출하는 6위 WBA(승점 55)와의 격차가 무려 11점 차로 벌어지면서 사실상 플레이오프 도전 가능성이 희박해졌다. 팀과 양민혁 입장에서는 동기부여가 떨어질 수 있다. 

더군다나 이날 경기에서 인종차별 사건이 발생하면서 양민혁과 사이토 등 아시아 선수들의 심리 역시 흔들렸을 가능성이 있다. 

한편 QPR은 오는 12일 오전 4시 45분 미들스브러 원정 경기를 떠나 연패 탈출에 도전한다.

QPR이 9일(한국시간) 공식 홈페이지를 통해 웨스트브롬위치 알비온(WBA) 원정에 선수를 향한 인종차별이 있었다고 알렸다. 경기에서는 QPR이 수적 우위에도 불구하고 0-1로 패해 플레이오프 권과 크게 벌어졌다. 연합뉴스


사진=연합뉴스, QPR"
20250309,"[bundes.review] '다이어 호러 수비→역전골 허용' 10명 싸운 뮌헨, 보훔에 2-3 충격패…김민재는 결장","사진=게티이미지


[포포투=박진우]

김민재가 휴식을 부여받은 가운데, 에릭 다이어가 아쉬운 수비 실책으로 역전골을 허용하며 바이에른 뮌헨이 패배를 맞이했다.

뮌헨은 8일 오후 11시 30분(한국시간) 독일 뮌헨에 위치한 알리안츠 아레나에서 열린 2024-25시즌 독일 분데스리가 25라운드에서 보훔에 2-3으로 패배했다. 이로써 뮌헨은 리그 10경기 무패행진을 마감했지만, 리그 선두를 유지했다.
뮌헨은 4-2-3-1 포메이션을 가동했다. 그나브리, 고레츠카, 사네, 팔리냐, 게헤이루, 뮐러, 이토, 다이어, 스타니시치, 보이, 우르비히가 선발로 나선다. 김민재는 벤치에 앉았다.

보훔은 3-5-2 포메이션을 들고 나왔다. 마수라스, 호프만, 비텍, 크라우스, 시소코, 베로, 파슬락, 베르나르도, 메디치, 외어만, 호른이 선발 출격했다.

사진=뮌헨


[전반전] '게헤이루 멀티골→팔리냐 퇴장' 뮌헨, 2-1 전반 종료

뮌헨이 이른 시간 앞서 나갔다. 전반 14분 그나브리의 패스를 받은 게헤이루가 골문 앞에서 벼락같은 왼발 슈팅으로 골망을 흔들었다. 뮌헨이 일찍이 1-0 리드를 잡았다.

절호의 기회를 놓친 뮌헨이었다. 전반 21분 사네가 박스 안에서 페널티킥을 얻어냈다. 키커로 나선 그나브리의 슈팅이 골대를 맞고 흘러 나오며 득점 기회가 무산됐다. 뮌헨의 공격이 불을 뿜었다. 전반 25분 뮐러와 2대1 패스를 주고 받은 그나브리가 박스 바깥에서 오른발 감아차기 슈팅을 연결했지만 골문 우측으로 살짝 벗어났다.

뮌헨이 빠르게 격차를 벌렸다. 전반 28분 좌측면에서 이토가 오른발로 올린 크로스를 뮐러가 헤더로 떨궜고, 쇄도하던 게헤이루가 골문 앞에서 헤더를 내리 꽂으며 멀티골을 만들었다. 뮌헨이 순식간에 2-0으로 격차를 벌렸다.

사진=게티이미지


보훔이 재빨리 추격했다. 전반 30분 코너킥 상황, 크로스가 뮐러의 몸에 맞아 굴절됐다. 박스 안에 있던 메디치가 강력한 오른발 슈팅으로 골망을 갈랐다. 보훔이 1-2로 추격에 성공했다.

뮌헨이 예상치 못한 악재를 맞이했다. 전반 42분 공 소유권을 탈취하는 과정에서 팔리냐가 태클을 시도했는데, 마수라스의 발목을 향했다. 마수라스는 곧바로 쓰러져 고통을 호소했고, 주심은 팔리냐에 다이렉트 퇴장을 선언했다. 뮌헨은 수적 열세에 빠지며 위기에 봉착했다. 전반 추가시간은 3분이 주어졌지만 추가골은 나오지 않았다. 전반은 뮌헨의 2-1 리드로 마무리 됐다.

[후반전] '다이어 호러 수비' 10명 싸운 뮌헨, 보훔에 2-3 역전패

수적 열세에 빠진 뮌헨이 끝내 동점골을 헌납했다. 후반 6분 우측면에서 파슬락이 크로스를 올렸고, 문전으로 쇄도하던 시소코가 강력한 헤더로 골망을 흔들었다. 뮌헨은 2-2 균형을 내주며 어려운 경기를 펼치게 됐다.

빈센트 콤파니 감독이 교체를 단행했다. 후반 17분 뮐러, 그나브리, 사네, 보이를 빼고 케인, 무시알라, 올리세, 라이머를 투입하며 수적 열세를 극복하고자 했다.

다이어의 아쉬운 실수로 역전을 허용한 뮌헨이었다. 후반 25분 좌측면에서 낮고 빠른 크로스가 올라왔는데, 박스 안에 위치한 다이어가 공을 걷어내지 못하고 흘렸다. 이후 베로가 왼발 슈팅으로 연결해 골망을 갈랐다. 뮌헨이 2-3으로 역전 당했다.

사진=게티이미지


양 팀이 교체를 가져갔다. 후반 28분 보훔은 마수라스를 빼고 브로신스키를 넣었다. 뮌헨은 후반 31분 이토를 빼고 키미히를 투입해 수비를 강화했다.

뮌헨이 땅을 쳤다. 후반 33분 우측면에서 올리세가 강한 크로스를 시도했고, 문전에 위치한 케인이 강력한 헤더로 연결했다. 그러나 골키퍼가 동물적인 반사신경으로 손 끝으로 처내며 위기를 모면했다.

보훔이 결정적인 기회를 놓쳤다. 후반 38분 우측면을 돌파하던 브로신스키가 박스 안까지 쇄도하며 골키퍼와 일대일 상황을 맞이했고, 오른발 슈팅을 시도했지만 우르비히가 선방했다.

후반 추가시간은 5분이 주어졌지만, 추가골은 나오지 않았다. 결국 경기는 뮌헨의 2-3 역전패로 마무리됐다. 이로써 뮌헨은 리그 10경기 무패행진을 마감했지만, 리그 선두 자리는 유지했다.

#포포투 코리안리거 소식"
20250309,"""손흥민 방출? 아름다운 퇴장 어때?""…말장난 충격적, 그럼 이적료 없이 보내든가","(엑스포츠뉴스 용환주 기자) 손흥민을 두고 '토트넘 홋스퍼와 계약 종료 및 방출'보다는 '10년 헌신 후 아름다운 이별'이라는 제목이 더 좋을 것이라는 주장이 나왔다.

현재 손흥민은 토트넘의 주장이다. 지난 2015년부터 이번 시즌(2024-2025)까지 토트넘에서만 무려 10년을 함께했다. 계약서만 놓고 보면 다음 시즌도 손흥민과 토트넘은 함께 한다. 

토트넘은 지난 1월 7일(한국시간) 구단 공식 사이트를 통해 손흥민과의 계약을 1년 연장한다는 내용의 공지문을 올렸다.

토트넘의 발표에 따르면 ""우리는 손흥민의 계약 기간을 2025년까지 연장하는 옵션을 행사했다. 이 사실을 알릴 수 있어 기쁘다""라고 밝혔다. 손흥민은 다가오는 6월 30일 토트넘과 계약이 종료 예정이었다. 토트넘의 이번 옵션 발동으로 다음시즌(2025-2026)도 토트넘에서 보내게됐다. 



계약을 연장한지 겨우 두 달 정도 흘렀다. 벌써 손흥민의 미래 문제로 여러 주장이 나오고 있다.

최근에는 손흥민이 박수 받을 때 토트넘과 이별할 것이라는 주장이 나왔다. 

토트넘 소식을 전하는 '토트넘 홋스퍼 뉴스'는 8일 ""손흥민은 지난 시즌 토트넘의 주장이 됐다. 안지 포스테코글루 토트넘 감독 지휘 아래 핵심 선수로 활약했다""라며 ""하지만 토트넘 팬들은 그의 경기력이 예전만 못하다는 점을 느낀다""라고 주장했다. 

이어 ""손흥민은 32살이다. 토트넘에서 10번째 시즌을 보내고 있다. 점차 경기력이 하락하고 있다. 경기력 저하로 빠르면 이번 여름에 팀을 떠날 가능성이 언급되고 있다. 특히 중동 구단과 연결이 많이 됐다""라고 했다. 



실제로 영국 매체 '커트오프사이드'는 지난달 20일 “사우디아라비아 프로 리그 클럽 두 곳이 손흥민 영입을 위해 5000만 유로(약 775억원)를 제안할 계획""이라고 독점 보도했다.

그리고 ""사우디의 관심은 여전하다. 토트넘 역시 다음 시즌 전에 33세가 되는 손흥민에게 5000만 유로에 달하는 제안이 온다면 이를 거절하기 어려울 것""라고 주장했다.

또 ”손흥민을 중심으로 팀을 꾸리는 건 앞으로도 오래 지속되기 어려울 것으로 보인다. 지금은 토트넘이 손흥민에게 만족하고 있지만 비슷한 나이의 다른 선수들이 그렇듯 손흥민도 쇠퇴의 조짐을 보일 것이 불가피하다""라고 덧붙였다.

'토트넘 홋스퍼 뉴스'는 이어 ""이제는 손흥민을 떠나보낼 때가 됐다는 의견이 나오고 있다. 손흥민의 토트넘 역대 최고의 선수 11명에 이름을 올릴 자격이 있는 뛰어난 선수다. 다만, 화려한 10시즌을 보내고 결별할 수도 있다""라고 설명했다. 



손흥민은 지금 득점력이 줄어든 것은 사실이다.

높은 공신력을 자랑하는 미국 매체 '디 애슬레틱'에 따르면 ""손흥민은 이번 시즌(2024-2025) 손흥민의 리그 성과는 약간 감소했다. 주요 득점 지표인 경기당 기대 득점(xG), 비-페널티 xG, 경기당 득점에서 이번 시즌 기록은 17골 넣은 작년보다는 10골에 그친 2022-2023 시즌에 더 가까운 모습을 보였다""라고 분석했다. 과거 만큼 폭발적인 모습이 아니라는 얘기다.
반대로 직접 득점보다 도움은 증가했다. 매체는 ""도움 부문에서는 더 나은 성과를 냈다. 이전까지 손흥민은 항상 자신의 xG를 뛰어넘는 득점력을 보여줬지만, 이번 시즌은 거의 기대치와 비슷한 수준에 머물렀다""라고 했다.

매체는 ""시즌 중 몇 차례 손흥민이 나이에 따른 변화를 보이는 순간들이 있었다. 뛰어난 운동 능력에 크게 의존했던 만큼, 항상 폭발적인 움직임을 보여주기는 어려워졌다""라고 덧붙였다.



하지만, 손흥민은 여전히 토트넘 최고의 선수라는 것은 반박할 수 없는 사실이다. 

축구 통계 사이트 '풋몹'에 따르면 현재 토트넘 소속 선수 중 프리미어리그에서 경기당 평균 평점이 가장 높은 선수는 손흥민(7.43)이다. 이 점수가 높다는 뜻은 매경기 가장 기복 없이 좋은 경기력을 보여줬다는 소리다. 

또 손흥민은 현재 프리미어리그(EPL) 모든 좌측면 윙어 중 공격 포인트(15개)가 가장 많다. 독일 이적시장 전문 사이트 '트란스퍼마르크트'는 지난달 26일 ""2024-2025시즌 EPL에서 포지션별 공격 포인트가 가장 많은 베스트 11""라는 주제로 만든 라인업을 공개했다. 손흥민은 당당하게 왼쪽 측면 공격수 자리에 이름을 올렸다. 

손흥민의 활약이 뛰어난 건 사실이다. 반박할 수 없이 기록이 말해주고 있다.

다만 손흥민은 32살이다. 10년이나 토트넘에 헌신했다. 더 이상 미래를 책임질 수 있는 선수가 아니다. 토트넘은 어쩔 수 없이 대체자를 찾아야한다.

손흥민도 최근엔 토트넘과의 결별이라는 큰 변화를 모색하는 것으로 보인다.

영국 유력지 '더 타임즈'가 그의 동향을 전하면서 토트넘은 재계약 의향이 있지만 손흥민이 이를 거절하고 있다고 밝혔다.



신문은 지난달 말 ""토트넘은 손흥민과 재계약을 통해 그가 구단 역사상 최고의 선수 중 한 명으로 남길 원하고 있다. 그러나 손흥민이 계약 연장에 회의적인 태도를 보이면서 협상에 난항을 겪고 있다""라고 했다.

통상 나이 먹은 손흥민을 토트넘이 재계약 꺼려할 것으로 판단되기 쉽지만 '더 타임스' 견해는 달랐다. 토트넘은 손흥민을 매각할 생각이 없고 토트넘에서 은퇴하기를 바란다. 거꾸로 손흥민이 토트넘의 재계약 제안을 받아들이지 않고 있다.

축구매체 '풋볼 인사이더'는 손흥민을 잃을 가능성에 대한 우려가 토트넘 직원들 사이에서 번지고 있다고 했다.

매체는 ""토트넘 직원들 사이에서 손흥민에 대한 우려가 나오고 있다""며 ""그래서 손흥민의 잠재적인 대체자를 고르고 있는 상황이다""고 했다.

손흥민의 경우 내년 6월 계약기간이 끝나기 때문에 이적을 원하면 그를 데려가는 구단이 토트넘에 적정 이적료를 내야 한다. 손흥민에 대해 혹평하고 내쫓을 분위기를 형성하면서 그의 이적료는 받아야겠다는 게 토트넘 팬들의 욕심이다.

사진=연합뉴스 / X"
20250309,"'손까' 아닌 1티어의 평가도 충격 ""손흥민 경기력만 보자, 토트넘이 재계약 안 해도 놀랍지 않아""","▲ 현재 토트넘의 경기력과 팀 분위기를 고려하면, 유로파리그에서 탈락하며 또 한 번 우승과 멀어질 가능성도 배제할 수 없다. 손흥민은 토트넘에서 10년을 보냈지만 아직까지도 트로피를 들어 올리지 못했다. ⓒ연합뉴스/EPA


[스포티비뉴스=조용운 기자] 45일 동안 무득점이 이어지는 손흥민(33, 토트넘 홋스퍼)을 향한 비판이 거세다.

손흥민은 지난 1월 말 호펜하임과 유럽축구연맹(UEFA) 유로파리그 경기에서 멀티골을 넣은 게 마지막 득점이다. 이후로 9경기 동안 골맛을 보지 못하고 있다.

이 사이 토트넘은 중요한 경기를 줄줄이 치렀다. 리버풀과 영국풋볼리그(EFL) 카라바오컵 4강 2차전과 아스톤 빌라와 영국축구협회(FA)컵 32강 그리고 AZ 알크마르와 유로파리그 16강 1차전까지. 손흥민은 토트넘의 우승 가능성이 걸린 큰 경기들에서 모조리 침묵했다.
손흥민이 다짐했던 결의와 정반대 성적표다. 지난달 중대 일정을 앞둔 손흥민은 주장답게 동료들의 전의를 불태우는 한마디를 사회관계망서비스(SNS)에 올렸다. 리버풀 원정 경기를 앞둔 시점에 ""준결승에 모든 걸 쏟아붓겠다""라며 다시 찾아온 생애 첫 우승의 기회를 놓치지 않으려는 의지를 잘 보여줬다.

리버풀이 워낙 강한 상대라 긴장을 풀지 않았다. 손흥민은 ""리버풀전은 결승으로 가는 마지막 관문이다. 잘 준비해서 좋은 결과를 얻어 웸블리로 가길 바란다""며 ""아주 중요한 경기이기에 잘 준비해서 좋은 상황을 만들어야 한다. 앞으로 열흘이 가장 중요하다""라고 강조했다.

▲ 손흥민 ⓒ 연합뉴스/EPA


결과적으로 손흥민과 토트넘은 손에 아무것도 넣지 못했다. 토트넘에서 우승을 강력하게 원하는 손흥민이 한방을 해줬어야 했지만 패배를 바라만 봐야했다. 그때부터 손흥민의 미래를 두고 잔류보다 결별에 무게를 두는 의견이 주를 이루기 시작했다.

연일 손흥민을 비판하는 스피커도 있다. 토트넘 출신의 축구해설가 제이미 오하라가 대표적이다. 토트넘이 우승 가능했던 컵대회에서 줄줄이 탈락하자 리더십 부재를 꼽으며 손흥민을 겨냥하기 시작했다.

오하라는 ""토트넘의 요즘 문제는 투지, 열정, 욕심을 찾아볼 수 없다. 무엇보다 확실한 리더십도 보이지 않는다""며 ""이건 감독과 주장의 책임이다. 나도 더 이상 말하기 싫지만 손흥민은 토트넘 주장에 어울리는 선수가 아니""라고 주장했다.



이어 ""주장은 앞장서서 팀을 이끌어야 한다. 팀의 목덜미를 잡고서라도 구렁텅이에서 꺼내는 힘을 발휘해야 한다""면서 ""손흥민은 그렇지 않다. 당장 손흥민에게 주어진 주장 완장을 빼앗아서 다른 선수에게 넘겨야 한다""라고 소리쳤다.

어수선한 소문이 많아지면서 손흥민에게도 분명 안 좋은 영향을 주고 있다. 영국 현지에서 손흥민을 지적하는 분위기는 비단 오하라에게만 국한되지 않는다. 과거 리버풀에서 활약했던 필 톰슨도 ""손흥민은 항상 에너지가 넘치고 상황을 바꾸려고 노력하던 선수였다. 지금은 헌신과 열정을 찾아볼 수 없다. 토트넘을 상징하던 손흥민인데 지금은 그런 모습이 아니""라며 ""포스테코글루 감독의 말을 듣는 선수가 있는가. 손흥민이 가장 큰 문제""라고 주장했다.

한술 더떠 결별을 말하는 곳도 있다. '토트넘 홋스퍼 뉴스'는 ""손흥민은 토트넘에서 10시즌의 화려한 시간을 보낸 뒤 결별할 수 있다. 토트넘 팬들은 그의 경기력이 예전만 못하다는 점을 느끼고 있다""며 ""손흥민은 토트넘에서 10번째 시즌을 보내고 있고, 이러한 경기력 저하는 이번 여름 그가 팀을 떠날 수 있다는 추측을 불러일으켰다. 특히 중동 지역 클럽들이 그를 주목하고 있다는 소식이 전해지고 있다""고 설명했다.

▲ 손흥민 ⓒ 연합뉴스/EPA


이 매체는 ""손흥민은 프리미어리그 시대 토트넘 최고 선수 중 한 명이다. 대부분 팬들이 뽑는 올타임 베스트11에 포함될 정도로 뛰어난 활약을 보여줬다. 그러나 이제는 토트넘이 그를 떠나보낼 때가 됐다는 의견도 나오고 있다""고 밝혔다.

손흥민이 비판 흐름을 바꿀 기회를 또 놓쳤다. 지난 7일 알크마르와 유로파리그에서도 졸전을 면치 못하면서 마지막 남은 우승 기회도 날려버릴 위기에 놓였다. 이날 손흥민은 풀타임을 뛰지 못했고, 팀내 최저 평점을 받는 등 치욕적인 하루를 보냈다.

가뜩이나 쌍심지를 켜고 보던 토트넘 홋스퍼 뉴스는 더욱 날이 섰다. 이들은 손흥민에 대해 ""예상보다 훨씬 못 미치는 경기력을 보였다. 상대 박스 안 터치 1회, 드리블 1회 성공밖에 하지 못한 손흥민의 오늘 경기를 보면 최근 그가 왜 비판받는지 알 수 있다""고 꼬집었다.

▲ 손흥민 ⓒ 연합뉴스/EPA


모두가 이런 생각일까. 조금 더 냉정하게 바라보는 이의 평가가 필요했다. 이 시점에 프리미어리그 취재진 중 공신력 측면에서 1티어로 불리는 '디 애슬레틱' 소속의 데이비드 온스테인 기자가 손흥민의 현주소를 이야기해 눈길을 끈다.

그는 자신의 SNS에 손흥민의 재계약 여부에 대해 묻는 팬에게 ""토트넘과 선수 측은 다가올 미래를 결정하지 않았다""라고 했다. 현재 몰아치는 방출설은 사실이 아니라는 입장이었다.

그러나 온스테인 기자도 ""최근 손흥민의 경기력을 미루어 보면 2026년 6월에 계약이 만료되는 시점에 결별한다해도 이상할 게 없다. 많은 일이 벌어질 수 있다""라고 별반 다르지 않은 시각을 보여줘 아쉬움을 남겼다.

▲ 손흥민 ⓒ 연합뉴스/EPA"
20250309,"""흥민, 유로파 16강이 더 중요해"" 본머스전 휴식 결정…SON 벤치 토트넘, 본머스전 선발 발표 ","[스포티비뉴스=박대성 기자] 손흥민(32, 토트넘 홋스퍼)이 본머스전에서 선발 제외되며 벤치에서 경기를 시작한다. 오는 13일 예정된 유럽축구연맹(UEFA) 유로파리그 16강 2차전을 앞두고 휴식을 부여받은 것으로 보인다.

토트넘은 9일 오후 11시(한국시간) 영국 런던 토트넘 홋스퍼 스타디움에서 본머스를 상대로 2024-25 잉글랜드 프리미어리그(EPL) 28라운드 경기를 치른다. 현재 토트넘은 10승 3무 14패(승점 33)로 리그 13위, 본머스는 12승 7무 8패(승점 43)로 9위에 올라 있다.
경기 전 발표된 선발 명단에서 손흥민은 제외됐다. 엔제 포스테코글루 감독은 본머스를 상대로 굴리엘모 비카리오, 페드로 포로, 크리스티안 로메로, 케빈 단소, 제드 스펜스, 로드리고 벤탄쿠르, 이브 비수마, 파페 사르, 브레넌 존슨, 도미닉 솔란키, 윌슨 오도베르를 선발로 기용했다.

손흥민뿐만 아니라 제임스 매디슨도 벤치에서 경기를 시작하며, 이는 오는 13일 유로파리그 16강 2차전 AZ 알크마르전을 대비한 조치로 보인다.



토트넘은 최근 2연패를 기록하며 분위기가 가라앉았다. 지난 프리미어리그 27라운드에서 맨체스터 시티에 0-1로 패하며 리그 3연승이 끊겼고 주중 유로파리그 16강 1차전에서도 AZ 알크마르 원정에서 0-1로 패했다. 특히 알크마르전에서는 유효 슈팅 1개에 그치는 등 무기력한 경기력을 보였다.

손흥민 역시 최근 경기력이 좋지 않다. 축구 통계 매체 '풋몹'에 따르면, AZ 알크마르전에서 손흥민은 72분 동안 슈팅 3회, 유효 슈팅 0회, 드리블 성공률 33%(1/3), 상대 박스 내 터치 1회를 기록하며 평점 6.1점을 받았다. 이는 선발 출전한 선수 중 최하위권 점수였다.

경기 후, 손흥민을 향한 비판도 거세졌다. 토트넘 출신 축구 해설가 제이미 오하라는 ""득점이 필요한 상황에서 손흥민이 최전방으로 이동했지만 존재감이 없었다. 팀의 리더인 손흥민과 매디슨은 더욱 적극적으로 경기에 임했어야 했다""라고 지적했다.

이번 경기에서 손흥민이 선발에서 제외된 것은 유로파리그 16강 2차전에 집중하기 위한 결정일 가능성이 크다. '풋볼 런던'의 토트넘 전담 기자 알레스데어 골드는 ""손흥민이 3일 사이에 2경기를 치르면 체력적으로 어려움을 겪을 수 있다""며 ""도미닉 솔란키가 컨디션이 좋다면 마티스 텔에게 측면에서 뛸 기회를 줄 수도 있다""라고 예상했다.



결국 손흥민은 벤치에서 대기하며 경기 후반 교체 출전할 가능성이 크다. 손흥민은 올 시즌 리그에서 6골 9도움을 기록 중이며, 본머스를 상대로 강한 모습을 보여왔다. 본머스와의 13차례 맞대결에서 7골 2도움을 기록하며 팀의 공격을 이끌었다.

현재 토트넘은 리그 순위보다는 유로파리그 우승에 집중할 가능성이 크다. 리그 13위로 유럽대항전 진출이 어려운 상황이며, 강등권과도 승점 차이가 크다. 이에 따라 유로파리그 우승을 통해 다음 시즌 UEFA 챔피언스리그(UCL) 출전권을 확보하는 것이 현실적인 목표가 됐다.

다만 최근 경기력이 좋지 않기에, 본머스전에서 승리를 거두며 분위기를 반전시킬 필요가 있다. 토트넘은 리그 27라운드 맨시티전, 유로파리그 16강 1차전에서 연이어 패배하며 어려움을 겪고 있다. 연패를 끊고 알크마르전 2차전에 대비하기 위해 본머스전에서 좋은 모습을 보여야 한다.

손흥민이 벤치에서 출발하지만, 경기 후반 출전해 공격 포인트를 기록할 가능성이 있다. 토트넘이 본머스를 상대로 승리를 거둘 수 있을지, 손흥민이 후반전 교체 투입돼 팀에 기여할 수 있을지 관심이 집중된다."
20250309,"""SON 91분 극장골→무관 탈출!"" 손흥민, 초대박 시나리오...챗GPT '깜짝 예측' 나왔다","[OSEN=고성환 기자] ""토트넘과 함께 우승하고 싶다. 그러면 전설이라고 불릴 수 있을 것.""

'캡틴' 손흥민(33, 토트넘 홋스퍼)이 드디어 꿈을 이룰 수 있을까. 챗GPT가 토트넘의 우승을 예상했다.
축구 매체 '스코어 90'은 8일(이하 한국시간) 오픈 AI 챗GPT를 활용해 예측한 올 시즌 유럽축구연맹(UEFA) 유로파리그(UEL) 결과를 공개했다. 매체에 따르면 챗 GPT는 토트넘의 우승을 예상했다.

현재 16강 1차전이 치러진 상황. 챗 GPT는 토트넘과 아인트라흐트 프랑크푸르트, 보되 글림트, 라치오, 페네르바체, 아틀레틱 클루브, 올림피크 리옹, 레알 소시에다드가 8강에 오를 것이라고 내다봤다. 맨체스터 유나이티드는 소시에다드에 막혀 탈락했다.

챗 GPT의 예상에서는 준결승에서 토트넘-라치오, 아틀레틱-소시에다드가 맞붙어 토트넘과 소시에다드가 승리했다. 대망의 결승 대진은 토트넘과 소시에다드. 각 팀을 대표하는 공격수인 손흥민과 구보 다케후사의 한일전이 펼쳐진다는 것.

최후의 승자는 손흥민이었다. 심지어 토트넘 우승 시나리오도 극적이다. 챗GPT는 전반 13분 토트넘이 데얀 쿨루셉스키의 선제골로 앞서 나가지만, 후반 4분 오이안 산세트에게 동점골을 허용할 것이라고 전망했다. 그리고 후반 추가시간 손흥민이 극적인 결승골을 터트리며 우승 트로피를 들어 올릴 것이라고 예측했다.





만약 챗GPT의 예측이 현실로 이뤄진다면 손흥민은 드디어 무관 탈출에 성공하게 된다. 그는 토트넘에서만 10년을 보냈지만, 아직 한 번도 우승하지 못했다. 대표팀 커리어까지 통틀어도 연령별 대회인 2018 자카르타·팔렘방 아시안게임 우승이 유일하다.

우승 트로피는 말 그대로 손흥민의 마지막 퍼즐이다. 그 역시 지난해 8월 ""전설로 불리고 싶다. 10년 동안 한 팀에서 뛰는 건 좋은 노력이라고 생각한다. 일관적이어야 하고 클럽에 무언가 돌려줘야 한다""라며 ""아직 내가 이 팀의 전설이라고 생각하지 않는다. 난 토트넘과 함께 무언가 우승하고 싶다고 말한 적 있다. 그렇게 되면 전설이라고 불리면서 매우 행복할 수 있을 것""이라고 밝혔다.

단순히 트로피만을 원한다면 우승에 가까운 다른 팀으로 이적할 수도 있다. 하지만 손흥민은 토트넘에서 우승을 꿈꾼다. 그는 팬 포럼에서도 ""난 아직 토트넘과 계약이 남아있고, 여기에서 뛴 지 거의 10년이 됐다. 내가 여기서 얼마나 행복한지 상상도 못할 것""이라며 ""하나 말할 수 있는 건 난 이번 시즌에만 집중하고 있다는 것이다. 내가 원하는 건 우승이다. 어느 날 내가 토트넘을 떠날 땐 모두가 웃으면서 날 전설로 불러주면 좋겠다""라고 힘줘 말했다.

손흥민의 꿈이 이뤄지면 토트넘 역시 17년의 무관 역사에 마침표를 찍게 된다. 토트넘은 2007-2008시즌 리그컵 우승이 마지막이다. 이후 여러 번 정상에 도전했으나 매번 2위가 최고 성적이었다. 2016-2017시즌엔 첼시에 밀려 리그 2위에 머물렀고, 구단 역사상 처음으로 UEFA 챔피언스리그(UCL) 결승전에 올랐던 2018-2019시즌에도 리버풀을 넘지 못했다.





다만 현재 토트넘의 상황은 좋지 않다. 토트넘은 지난 7일 열린 AZ 알크마르와 UEL 16강 1차전 원정 경기에서 0-1로 패했다. 전반전 나온 루카스 베리발의 자책골이 그대로 승부를 갈랐다.

이제 토트넘은 안방에서 열리는 2차전에서 반드시 승리해야만 탈락을 피할 수 있다. 'UEL 올인'을 외쳤던 토트넘으로선 대위기다. 토트넘은 UEL에서도 탈락하면 올 시즌도 무관으로 마치게 된다. 

무엇보다 내용 면에서 최악이었다. 1골 차로 진 게 다행이라는 굴욕적인 평가까지 나왔다. 토트넘 감독으로 활동했던 글렌 호들은 ""토트넘의 경기력은 어설펐다. 하지만 알크마르보다는 토트넘에 더 나은 결과""라며 ""그렇게 2류처럼 플레이하고 단 한 골 차이로 집에 돌아온다면 토트넘은 만족해야 할 것이다. 성과가 아니라 결과 면에서 말이다""라고 꼬집었다.

손흥민은 팬들에게 사과하며 2차전 역전을 다짐했다. 그는 ""매우 실망스러웠다. 나를 포함해서 말이다""라며 ""변명의 여지가 없다. 우리는 충분히 잘하지 못했다. 이제 단지 0-1이고, 아직 끝나지 않았다. 다음주에는 훨씬 더 나아져야 한다""라고 힘줘 말했다.

/finekosh@osen.co.kr

[사진] ⓒGettyimages(무단전재 및 재배포 금지), 스코어 90, 토트넘 홋스퍼, TNT 스포츠 소셜 미디어."
20250309,"""제발 이혼만은, 재결합 희망"" 과르디올라, 스페인 '비밀여행' 포착…한 시즌 최다패, 맨시티 '눈물의 연속'","AFP연합뉴스
SNS
AFP연합뉴스
[스포츠조선 김성원 기자]펩 과르디올라 맨시티 감독의 재결합을 위해 필사적이다.

영국의 '더선'은 9일(이하 한국시각) '과르디올라 감독이 결혼 생활을 되살리기 위해 스페인 바르셀로나로 3일간 비밀리에 여행을 떠났다. 그는 아내 크리스티나와 함께 집에서 지냈다'고 보도했다.

스페인 출신인 과르디올라 감독과 크리스티나는 축구계 대표 잉꼬부부였다. 과르디올라 감독이 바르셀로나에서 미드필더로 활약하던 1994년, 축구 선수와 모델로 만나 사랑에 빠졌다. 2014년 바르셀로나에서 뒤늦게 비밀 결혼식을 올린 부부는 슬하에 세 자녀를 뒀다.
과르디올라 감독과 크리스티나는 2019년부터 떨어져 지냈다. 과르디올라 감독은 맨체스터에 머물렀고, 크리스티나는 자신의 패션 사업에 전념하기 위해 스페인과 영국을 오갔다.

그러다 과르디올라 감독이 맨시티와 재계약하면서 뒤틀렸다. 크리스티나는 남편이 적어도 2027년까지 맨체스터에 머물기로 했다는 소식에 '이제 결혼생활을 그만해야 할 때'라는 걸 느꼈다고 한다.

과르디올라 감독은 이혼 소식이 지난 1월 공식화됐다. 하지만 ""과르디올라 감독은 결혼에 대한 희망을 포기하지 않았다""는 것이 소식통의 전언이다.

로이터 연합뉴스
EPA 연합뉴스
과르디올라 감독은 지난 2일 플리머스와 FA컵 16강전에서 3대1로 승리한 직후 개인 제트기로 바르셀로나로 날아갔다. 소식통은 '더선'을 통해 ""두 사람은 바르셀로나의 집에서 일상 생활을 하며 사흘을 함께 보냈다""고 밝혔다.

과르디올라 감독은 4일 맨체스터로 돌아왔다. 하지만 맨시티 '굴욕'은 계속되고 있다. 맨시티는 8일 영국 노팅엄의 시티 그라운드에서 열린 노팅엄 포레스트와의 2024~2025시즌 잉글랜드 프리미어리그(EPL) 28라운드에서 0대1로 패했다.

후반 38분 칼럼 허드슨-오도이에게 결승골을 허용하며 허망하게 무너졌다. 맨시티는 최근 5경기에서 2승3패, 승패를 반복하고 있다.

맨시티는 노팅엄전 패배로 이번 시즌 EPL에서 9패째를 당했다. 과르디올라 감독이 지휘봉을 잡은 후 한 시즌 최다패 타이 기록이다. 종착역까지는 10경기가 더 남아 있어 사실상 최악의 시즌을 예약했다.

다음 시즌 유럽챔피언스리그 진출도 노란불이 켜졌다. 맨시티는 현재 4위(승점 47·14승5무9패)를 기록 중이다. 3위 노팅엄(승점 51·15승6무7패)과의 승점 차는 4점으로 벌어진 가운데 5~6위 첼시, 브라이턴(이상 승점 46)과의 격차는 단 1점이다.

EPA 연합뉴스
EPA 연합뉴스
첼시의 경우 한 경기를 덜 치렀다. 첼시는 9일 오후 11시 강등권인 19위 레스터시티와 28라운를 치른다. 첼시가 승리하면 맨시티는 5위로 떨어진다. 7위 애스턴빌라(승점 45), 8위 뉴캐슬 유나이티드(승점 44)도 맨시티의 사정권에 있다.

과르디올라 감독은 노팅엄전 후 이제 남은 전 경기가 '결승전'이 될 것이라 강조했다. 그는 ""우리는 10경기의 예선이 남았다. 우리는 예선 통과를 위해 경기에서 이겨야 하고, 다음 경기로 진출해야 한다""며 ""프리미어리그는 매 시즌마다 더 좋아지고 있다. 우리는 10번의 결승전을 앞두고 있다""고 밝혔다.

과르디올라 감독은 또 ""우리는 안전할 만큼 연승을 장담할 수 없다. 우리는 무언가를 해야 한다. 하늘에서 그냥 떨어지는 것은 없다""고 덧붙였다.
김성원 기자 newsme@sportschosun.com"
20250309,"[속보] ""이강인, 토트넘에서 관심…이적료 630억 추산""→손흥민+양민혁과 한솥밥? 2달 만에 러브콜 다시 불거져","(엑스포츠뉴스 용환주 기자) 현 소속팀 프랑스 파리 생제르맹(PSG)에서 입지가 불안한 이강인을 손흥민이 활약하는 토트넘 홋스퍼가 원한다는 주장이 다시 나왔다. 

토트넘은 지난 겨울 이적시장 때 이강인에 관심을 드러냈던 프리미어리그 구단 중 하나인 것으로 알려졌다.

토트넘 외에도 아스널, 맨체스터 시티, 맨체스터 유나이티드, 뉴캐슬 유나이티드, 노팅엄 포레스트가 손흥민과 연결됐던 프리미어리그 구단이었다.

하지만 두 달 전만 해도 이강인의 입지가 나쁘지 않았고, 선수 거래가 활발한 겨울이적시장이 아니다보니 이강인도 어느 곳으로 이동하지 않았다. 토트넘도 윙어나 미드필더를 영입하진 않았다.

이젠 상황이 달라졌다. 이강인은 최근 PSG에서의 입지가 불안하다. 올여름 이적 혹은 임대를 추진할 가능성이 커졌다. PSG는 여름시장에서 스트라이커 등 공격 전지역에 선수를 보강할 태세다. 루이스 엔리케 현 감독이 유임될 경우 이강인이 버틸 수가 없다.
특히 지난 6일(한국시간) 열린 리버풀과의 2024-2025시즌 유럽축구연맹(UEFA) 챔피언스리그 16강 1차전은 이강인 입지가 대거 축소됐음을 알린 신호탄이 됐다.

이강인은 벤치에 앉아 경기를 시작했지만, 끝까지 기회를 받지 못했다. 엔리케 감독은 올시즌 가장 중요한 경기라고 해도 과언이 아니었던 리버풀전에서 이강인을 기용하지 않았다.

이강인은 4경기 연속 벤치 신세에, 3경기 짧은 출전시간 뒤 이뤄진 결장이었다. 이강인이 PSG에서 마지막으로 선발 출전한 경기는 지난달 2월17일 리그1 22라운드 툴루스전이다.

이런 상황에서 프랑스 매체의 악성 방출 보도까지 나왔다. 프랑스 '풋01'은 지난 7일 ""이강인은 아마도 PSG에서 마지막 시즌을 보내고 있을 가능성이 있다""라며 ""PSG가 여름 이적 시장에서 이강인과 결별하기로 했다""라고 주장했다. 기용하지 않는 선수가 이적하는 건 자연스러운 이야기다.



이후 다시 기회가 왔다. PSG는 8일 프랑스 렌에 위치한 로아존 파르크에서 열린 스타드 렌과의 2024-2025시즌 리그1 25라운드 원정 경기에서 4-1 대승을 거뒀다. 비록 12일 열리는 리버풀과의 챔피언스리그 2차전 원정 경기를 대비한 로테이션 성격의 선발 출전이었지만 어쨌든 전반 시작할 때부터 출전해고 팀도 대승을 거뒀다. 

그러나 이강인은 웃을 수 없었다. 그는 후반 19분 교체 아웃됐다. 축구 통계 사이트 '풋몹'에 따르면 이강인은 이번 경기 평점 7.3점을 받았다. 준수한 점수지만, 공격진 3명 중 가장 낮은 평점이었다. 또 선수단은 평균 7.5점을 받았다. 이강인은 평균보다 낮았다. 공격수가 공격포인트를 기록 못했으니 높은 점수를 받기 힘들었다. 불안한 입지가 더욱 흔들렸다는 평가가 적지 않다.

하지만 이강인의 클래스 자체가 떨어진 것은 아니다. 엔리케 감독이 영입한 선수가 아니라 구단이 장래성과 마케팅 가치를 보고 영입하다보니 출전 기회가 넉넉하지 않은 것 뿐이다.

이강인은 여전히 수준급의 공격형 미드필더 혹은 윙어로 평가받고 있고 좋은 팀을 찾으면 제 기량을 발휘할 수 있다. 



이런 싱황에서 토트넘 소식을 전하는 '토트넘 홋스퍼 트랜스퍼 뉴스'가 토트넘의 이강인에 대한 관심을 알렸다.

매체는 8일 ""토트넘은 다가오는 여름 이강인을 영압하는데 관심을 보이고 있다""라고 주장했다. 해당 매체는 영국 유력지 '더선' 스포츠부 편집자 출신이 운영하고 있다고 밝혔다. 

매체는 이어 ""이강인은 이번 여름에 4000만 유로(약 630억원)를 투자하면 영입할 수 있을 것으로 보인다""며 구체적인 이적료도 제시했다. ""이번 시즌 25경기 11득점을 기록한 이강인을 두고 많은 프리미어리그 구단이 원하고 있다""고 설명했다. 

앞서 토트넘 소식을 전하는 '토트넘 홋스퍼 뉴스'는 지난 1월 ""토트넘은 이강인을 영입하고자 하는 프리미어리그 구단 4개 중 하나다. 맨체스터 유나이티드, 뉴캐슬, 노팅엄 포레스트와 경쟁할 것이다""라고 알렸다. 

그러나 토트넘에 당장 필요한 선수는 아니었다. 당시 토트넘은 중앙 수비수들이 줄부상을 당해 센터백 보강이 절실했다. '토트넘 홋스퍼 뉴스'도 ""이강인 같은 다재다능한 공격수의 합류는 환영받을 일이다. 하지만, 지금 당장 필요한 선수는 아니다. 팀은 여전히 중앙 수비수 문제가 시급하다""고 했다. 토트넘은 결국 프랑스 랑스에서 뛰던 수비수 케빈 단소를 데려왔다.



해당 매체는 높은 신뢰도를 갖고 있진 않다. 하지만 토트넘의 최근 이적시장 동향을 나름대로 자세히 알리고 있다.

일단 PSG는 올여름 이강인을 매각할 수도 있는 것으로 보인다. 글로벌 스포츠 매체 '디 애슬레틱'은 이달 초 ""PSG는 경기장 안팎에서 이강인을 높게 평가한다. 아시아 시장은 물론 경기력도 좋다. 만약 매각한다면 영입했던 금액에 2배 이상을 원한다""라고 전했다.

이강인은 마요르카(스페인)에서 PSG 합류 당시 이적료는 약 2200만 유로(약 340억원)으로 알려졌다. 디 애슬레틱과 토트넘 트랜스퍼 뉴스가 주장한 630억원과 비슷한 액수다.



이강인이 만약 토트넘에 합류하면 윙어와 공격형 미드필더로 다양하게 뛸 수 있다. 날카로운 침투패스와 유럽 정상급 수준의 탈압박 능력이 있어 토트넘에 도움이 될 수 있다.

다만 스피드가 느린 것은 핸디캡이다.

토트넘은 이강인 영입으로 경기력 외 사업적 이득도 얻을 수 있을 전망이다. 손흥민이 다음 시즌 잔류한다면 이강인까지 품으면서 토트넘이 아시아 최고의 스타 선수 둘을 보유하게 되는 셈이다. 여기에 K리그 '영플레이어'를 수상한 초신성 양민혁도 다음 시즌엔 임대에서 돌아와 토트넘에서 뛸 수 있다.

올여름 이강인의 행보가 주목된다.

사진=엑스포츠뉴스DB / 연합뉴스 / 리그 1 "
20250309,"‘5G 만에 선발’ 이강인, 우측 윙어 ‘65분’ 소화···‘뎀벨레 추가시간 멀티골’ PSG, 렌 원정 4-1 대승→리그 25G 무패[리그앙 리뷰]","5경기 만에 선발로 나선 이강인이 우측 윙어로 65분을 소화했다. 파리 생제르맹(PSG)은 우스만 뎀벨레가 추가시간에만 멀티골을 폭발시키면서 스타드 렌 원정에서 4-1로 승리, 리그 25경기 연속 무패 행진을 질주했다. Getty Images



5경기 만에 선발로 나선 이강인이 우측 윙어로 65분을 소화했다. 파리 생제르맹(PSG)은 우스만 뎀벨레가 추가시간에만 멀티골을 폭발시키면서 스타드 렌 원정에서 4-1로 승리, 리그 25경기 연속 무패 행진을 질주했다. <저작권자(c) 연합뉴스, 무단 전재-재배포, AI 학습 및 활용 금지>


5경기 만에 선발로 나선 이강인이 우측 윙어로 65분을 소화했다. 파리 생제르맹(PSG)은 우스만 뎀벨레가 추가시간에만 멀티골을 폭발시키면서 스타드 렌 원정에서 4-1로 승리, 리그 25경기 연속 무패 행진을 질주했다.

PSG는 9일 오전 1시(한국시간) 프랑스 렌의 로아존 파크에서 열린 2024-25 프랑스 리그앙 25라운드 원정 경기에서 렌에 4-1로 승리했다. 이날 승리로 PSG는 20승 5무(승점 65)를 기록하며 2위 올림피크 드 마르세유와의 격차를 16점으로 벌렸다.

PSG 선발 라인업. PSG SNS


루이스 엔리케 감독이 이끄는 PSG는 4-3-3 포메이션을 가동했다. 마트베이 사포노프가 골문을 지켰고, 뤼카 에르난데스-윌리엄 파초-루카스 베랄두-워렌 자이르 에메리가 백4를 구축했다. 중원에는 세니 마율루-주앙 네베스-데지레 두에가 포진했고, 전방 스리톱에는 브래들리 바르콜라-곤살루 하무스-이강인이 나섰다.

이에 맞서는 렌은 3-4-3 포메이션을 가동했다. 브리스 삼바가 골문을 지켰고, 릴리앙 브라시에-제레미 자케-앙토니 루울트가 백3를 구축했다. 수비진 앞에는 아드리앵 트뤼페르-이스마엘 코네-조던 제임스-로렌츠 아시뇽이 위치했고, 2선에 아르나우드 칼리무엔도와 루도빅 블라, 최전방 원톱에 모하메드 카데르 메이트가 나섰다.

이강인이 수비에 가담하고 있다. <저작권자(c) 연합뉴스, 무단 전재-재배포, AI 학습 및 활용 금지>


전반 28분 PSG 브래들리 바르콜라가 선제골을 터트렸다. <저작권자(c) 연합뉴스, 무단 전재-재배포, AI 학습 및 활용 금지>


전반 26분 이강인의 좋은 패스가 기점 역할을 할 뻔했다. 오른쪽에서 이강인이 뒷공간으로 연결해 준 공을 두에가 반대편으로 크로스를 연결했고, 하무스가 득점 기회를 잡았다. 하지만 하무스의 마무리 슈팅은 삼바 골키퍼의 선방에 막히며 아쉬움을 삼켰다.

2분 뒤, PSG의 선제골이 터졌다. 전반 28분 왼쪽에서 두에가 뒷공간으로 연결해 준 패스를 바르콜라가 그대로 치고 들어간 뒤 삼바 골키퍼 다리 사이로 마무리하며 선제골을 터트렸다. PSG가 원정에서 먼저 앞서 나갔다.

전반 37분 이강인의 좋은 슈팅이 나왔다. 오른쪽에서 공간을 벌리며 네베스의 패스를 받은 이강인이 왼발 슈팅을 시도해봤으나 제대로 감기지 않으면서 삼바 골키퍼의 선방에 막혔다.

바르콜라의 선제골이 터진 PSG의 1-0 리드로 전반이 종료됐다.

후반 5분 PSG 곤살루 하무스가 추가골을 터트렸다. <저작권자(c) 연합뉴스, 무단 전재-재배포, AI 학습 및 활용 금지>


PSG 흐비차 크바라츠헬리아가 볼을 터치하고 있다. <저작권자(c) 연합뉴스, 무단 전재-재배포, AI 학습 및 활용 금지>


후반 5분 PSG의 추가골이 터졌다. 왼쪽에서 수비 뒷공간으로 찔러준 패스를 바르콜라가 받은 뒤 가운데로 연결했고, 하무스가 밀어 넣으며 마무리했다. PSG가 두 골 차로 리드를 벌렸다.

하지만 렌도 이대로 무너지지 않았다. 후반 8분 코너킥 상황에서 가까운쪽으로 연결한 공을 자케가 머리에 맞추며 뒤로 보냈고, 브라시에가 헤더로 마무리하면서 곧바로 추격골을 터트렸다. 경기는 다시 한 골 차로 좁혀졌다.
후반 20분 이강인이 교체 아웃됐다. 엔리케 감독은 네 장의 교체 카드를 한꺼번에 꺼내 들며 이강인과 하무스, 에르난데스와 네베스를 빼고 비티냐와 뎀벨레, 누노 멘데스와 흐비차 크바라츠헬리아를 투입하며 변화를 가져갔다. 이강인은 65분을 소화한 뒤 경기를 마쳤다.

이후 PSG는 렌의 거센 공세에 당하며 끌려갔으나 사포노프 골키퍼의 선방이 여러 차례 나오면서 실점으로까지 이어지진 않았다. 후루하시 쿄고, 무사 알 타마리까지 투입하며 동점을 노렸으나 PSG의 골문을 뚫어내기엔 역부족이었다.

후반 추가시간 뎀벨레가 멀티골을 터트리며 경기를 끝냈다. 추가시간 1분 렌의 뒷공간을 완전히 뚫어낸 흐비차가 일대일 상황에서 내준 공을 밀어 넣으며 득점을 터트렸고, 추가시간 4분에는 박스 앞에서 삼바 골키퍼의 방향을 완벽하게 속이는 기습적인 왼발 슈팅으로 쐐기를 박았다.

그렇게 PSG의 4-1 대승으로 경기가 종료됐다.

박찬기 온라인기자 chan@kyunghyang.com"
